nama_outlet;nama_penjamin;nomer_klaim;tanggal_klaim;jenis_kwitansi;saldo_awal;jual;bayar;saldo_akhir;past_due;goal;pencairan;status;status_tagihan;segmen_pihak;segmentasi_standarisasi;bayar_012024;bayar_022024;bayar_032024;bayar_042024;bayar_052024;bayar_062024;bayar_072024;bayar_082024;bayar_092024;bayar_102024;bayar_112024;bayar_122024;bayar_012025;bayar_022025;bayar_032025;bayar_042025;bayar_052025;bayar_062025;bayar_072025;bayar_082025;bayar_092025;bayar_102025;bayar_112025;bayar_122025;bayar_012026;bayar_022026;bayar_032026;bayar_042026;bayar_052026;bayar_062026;bayar_072026;bayar_082026;bayar_092026;bayar_102026;bayar_112026;bayar_122026;kirim_berkas;verifikasi;feedback;tanggal_bayar
KF.Sumenep;YAKES TELKOM-DEFAULT;MDR020221002107731;30/06/2022;DPP+PPN;769757;0;0;769757;1344;0;0;Past Due;Tertagih;PIHAK KETIGA;SWASTA;0;0;0;0;0;0;0;0;0;0;0;0;0;0;0;0;0;0;0;0;0;0;0;0;0;0;0;0;0;0;0;0;0;0;0;0;0;0;0;0
KF.Sumenep;YAKES TELKOM-DEFAULT;MDR020220902389498;31/08/2022;DPP+PPN;367830;0;0;367830;1282;0;0;Past Due;Tertagih;PIHAK KETIGA;SWASTA;0;0;0;0;0;0;0;0;0;0;0;0;0;0;0;0;0;0;0;0;0;0;0;0;0;0;0;0;0;0;0;0;0;0;0;0;0;0;0;0
KF.Sumenep;YAKES TELKOM-DEFAULT;MDR020221103908685;31/10/2022;DPP+PPN;353310;0;0;353310;1221;0;0;Past Due;Tertagih;PIHAK KETIGA;SWASTA;0;0;0;0;0;0;0;0;0;0;0;0;0;0;0;0;0;0;0;0;0;0;0;0;0;0;0;0;0;0;0;0;0;0;0;0;0;0;0;0
KF.Sumenep;YAKES TELKOM-DEFAULT;MDR020221203784179;30/11/2022;DPP+PPN;399207;0;0;399207;1191;0;0;Past Due;Tertagih;PIHAK KETIGA;SWASTA;0;0;0;0;0;0;0;0;0;0;0;0;0;0;0;0;0;0;0;0;0;0;0;0;0;0;0;0;0;0;0;0;0;0;0;0;0;0;0;0
KF.0163;ADMEDIKA PAYOR PT-PAYOR GROUP;MDR020230103569307;31/12/2022;DPP+PPN;133411;0;0;133411;1160;0;0;Past Due;Tertagih;PIHAK KETIGA;SWASTA;0;0;0;0;0;0;0;0;0;0;0;0;0;0;0;0;0;0;0;0;0;0;0;0;0;0;0;0;0;0;0;0;0;0;0;0;0;0;0;0
KF.0163;ASURANSI JIWA INHEALTH IN-KFD INHEALTH FEE FOR SERVICE;MDR020230103790814;31/12/2022;DPP+PPN;39310;0;0;39310;1160;0;0;Past Due;Tertagih;AFILIASI;AFILIASI KF DIAGNOSTIK LAINNYA;0;0;0;0;0;0;0;0;0;0;0;0;0;0;0;0;0;0;0;0;0;0;0;0;0;0;0;0;0;0;0;0;0;0;0;0;0;0;0;0
KF.Sumenep;YAKES TELKOM-DEFAULT;MDR020230103061222;31/12/2022;DPP+PPN;370385;0;0;370385;1160;0;0;Past Due;Tertagih;PIHAK KETIGA;SWASTA;0;0;0;0;0;0;0;0;0;0;0;0;0;0;0;0;0;0;0;0;0;0;0;0;0;0;0;0;0;0;0;0;0;0;0;0;0;0;0;0
KF.0163;ADMEDIKA PAYOR PT-PAYOR GROUP;MDR020230502888362;30/04/2023;DPP+PPN;55483;0;0;55483;1040;0;0;Past Due;Tertagih;PIHAK KETIGA;SWASTA;0;0;0;0;0;0;0;0;0;0;0;0;0;0;0;0;0;0;0;0;0;0;0;0;0;0;0;0;0;0;0;0;0;0;0;0;0;0;0;0
KF.0163;KIMIA FARMA (PERSERO) TBK-PEMASARAN;MDR020230705642699;30/06/2023;DPP+PPN;4068078;0;0;4068078;979;0;0;Past Due;Tertagih;AFILIASI;AFILIASI KF HOLDING;0;0;0;0;0;0;0;0;0;0;0;0;0;0;0;0;0;0;0;0;0;0;0;0;0;0;0;0;0;0;0;0;0;0;0;0;0;0;0;0
KF.0163;ADMEDIKA PAYOR PT-PAYOR GROUP;MDR020230803538139;31/07/2023;DPP+PPN;47869;0;0;47869;948;0;0;Past Due;Tertagih;PIHAK KETIGA;SWASTA;0;0;0;0;0;0;0;0;0;0;0;0;0;0;0;0;0;0;0;0;0;0;0;0;0;0;0;0;0;0;0;0;0;0;0;0;0;0;0;0
KF.0163;ASTRA BUANA-GARDA MEDIKA-DEFAULT;MDR020230803047015;31/07/2023;DPP+PPN;107340;0;0;107340;948;0;0;Past Due;Tertagih;PIHAK KETIGA;SWASTA;0;0;0;0;0;0;0;0;0;0;0;0;0;0;0;0;0;0;0;0;0;0;0;0;0;0;0;0;0;0;0;0;0;0;0;0;0;0;0;0
KF.0163;PLN Unit Induk Distribusi Jawa Timu-PLN UID JATIM FO JATIM;MDR020230904769311;31/08/2023;DPP+PPN;439595;0;0;439595;917;0;0;Past Due;Tidak Tertagih;PIHAK KETIGA;BUMN;0;0;0;0;0;0;0;0;0;0;0;0;0;0;0;0;0;0;0;0;0;0;0;0;0;0;0;0;0;0;0;0;0;0;0;0;0;0;0;0
KF.0163;PT. KIMIA FARMA DIAGNOSTIKA-KAPITASI BPJS;MDR020230904447558;31/08/2023;DPP+PPN;8463824;0;0;8463824;917;0;0;Past Due;Tertagih;AFILIASI;AFILIASI KF DIAGNOSTIK;0;0;0;0;0;0;0;0;0;0;0;0;0;0;0;0;0;0;0;0;0;0;0;0;0;0;0;0;0;0;0;0;0;0;0;0;0;0;0;0
KF.0163;PT. KIMIA FARMA DIAGNOSTIKA-KAPITASI INHEALTH;MDR020230904498519;31/08/2023;DPP+PPN;182031;0;0;182031;917;0;0;Past Due;Tertagih;AFILIASI;AFILIASI KF DIAGNOSTIK;0;0;0;0;0;0;0;0;0;0;0;0;0;0;0;0;0;0;0;0;0;0;0;0;0;0;0;0;0;0;0;0;0;0;0;0;0;0;0;0
KF.0163;PT. KIMIA FARMA DIAGNOSTIKA-PAKET MEDIS;MDR020230904186613;31/08/2023;DPP+PPN;82124525;0;0;82124525;917;0;0;Past Due;Tertagih;AFILIASI;AFILIASI KF DIAGNOSTIK;0;0;0;0;0;0;0;0;0;0;0;0;0;0;0;0;0;0;0;0;0;0;0;0;0;0;0;0;0;0;0;0;0;0;0;0;0;0;0;0
KF.Sumenep;PT. KIMIA FARMA DIAGNOSTIKA-YAKES PEGAWAI TELKOM;MDR020230904204679;31/08/2023;DPP+PPN;164841;0;0;164841;917;0;0;Past Due;Tertagih;AFILIASI;AFILIASI KF DIAGNOSTIK;0;0;0;0;0;0;0;0;0;0;0;0;0;0;0;0;0;0;0;0;0;0;0;0;0;0;0;0;0;0;0;0;0;0;0;0;0;0;0;0
KF.0163;ADMEDIKA PAYOR PT-PAYOR GROUP;MDR020231002872445;30/09/2023;DPP+PPN;84975;0;0;84975;887;0;0;Past Due;Tertagih;PIHAK KETIGA;SWASTA;0;0;0;0;0;0;0;0;0;0;0;0;0;0;0;0;0;0;0;0;0;0;0;0;0;0;0;0;0;0;0;0;0;0;0;0;0;0;0;0
KF.0163;PLN Unit Induk Distribusi Jawa Timu-PLN UID JATIM FO JATIM;MDR020231002518876;30/09/2023;DPP+PPN;54945;0;0;54945;887;0;0;Past Due;Tidak Tertagih;PIHAK KETIGA;BUMN;0;0;0;0;0;0;0;0;0;0;0;0;0;0;0;0;0;0;0;0;0;0;0;0;0;0;0;0;0;0;0;0;0;0;0;0;0;0;0;0
KF.0163;PT. KIMIA FARMA DIAGNOSTIKA-KAPITASI BPJS;MDR020231002076842;30/09/2023;DPP+PPN;9053371;0;0;9053371;887;0;0;Past Due;Tertagih;AFILIASI;AFILIASI KF DIAGNOSTIK;0;0;0;0;0;0;0;0;0;0;0;0;0;0;0;0;0;0;0;0;0;0;0;0;0;0;0;0;0;0;0;0;0;0;0;0;0;0;0;0
KF.0163;PT. KIMIA FARMA DIAGNOSTIKA-KAPITASI INHEALTH;MDR020231002262082;30/09/2023;DPP+PPN;193486;0;0;193486;887;0;0;Past Due;Tertagih;AFILIASI;AFILIASI KF DIAGNOSTIK;0;0;0;0;0;0;0;0;0;0;0;0;0;0;0;0;0;0;0;0;0;0;0;0;0;0;0;0;0;0;0;0;0;0;0;0;0;0;0;0
KF.0163;PT. KIMIA FARMA DIAGNOSTIKA-PAKET MEDIS;MDR020231002821385;30/09/2023;DPP+PPN;146437524;0;0;146437524;887;0;0;Past Due;Tertagih;AFILIASI;AFILIASI KF DIAGNOSTIK;0;0;0;0;0;0;0;0;0;0;0;0;0;0;0;0;0;0;0;0;0;0;0;0;0;0;0;0;0;0;0;0;0;0;0;0;0;0;0;0
KF.Sumenep;PT. KIMIA FARMA DIAGNOSTIKA-YAKES PEGAWAI TELKOM;MDR020231002217149;30/09/2023;DPP+PPN;278250;0;0;278250;887;0;0;Past Due;Tertagih;AFILIASI;AFILIASI KF DIAGNOSTIK;0;0;0;0;0;0;0;0;0;0;0;0;0;0;0;0;0;0;0;0;0;0;0;0;0;0;0;0;0;0;0;0;0;0;0;0;0;0;0;0
KF.0163;BNI 46 LIFE INSURANCE PT-BNI 46 LIFE INSURANCE, SURABAY;MDR020231104912424;31/10/2023;DPP+PPN;104762;0;0;104762;856;0;0;Past Due;Tertagih;PIHAK KETIGA;SWASTA;0;0;0;0;0;0;0;0;0;0;0;0;0;0;0;0;0;0;0;0;0;0;0;0;0;0;0;0;0;0;0;0;0;0;0;0;0;0;0;0
KF.0163;PLN Unit Induk Distribusi Jawa Timu-PLN UID JATIM FO JATIM;MDR020231104446242;31/10/2023;DPP+PPN;26407;0;0;26407;856;0;0;Past Due;Tidak Tertagih;PIHAK KETIGA;BUMN;0;0;0;0;0;0;0;0;0;0;0;0;0;0;0;0;0;0;0;0;0;0;0;0;0;0;0;0;0;0;0;0;0;0;0;0;0;0;0;0
KF.0163;PT. KIMIA FARMA DIAGNOSTIKA-KAPITASI BPJS;MDR020231104293019;31/10/2023;DPP+PPN;184201;0;0;184201;856;0;0;Past Due;Tertagih;AFILIASI;AFILIASI KF DIAGNOSTIK;0;0;0;0;0;0;0;0;0;0;0;0;0;0;0;0;0;0;8219459;0;0;0;6;0;0;0;0;0;0;0;0;0;0;0;0;0;0;0;0;0
KF.0163;PT. KIMIA FARMA DIAGNOSTIKA-KAPITASI INHEALTH;MDR020231104662923;31/10/2023;DPP+PPN;219372;0;0;219372;856;0;0;Past Due;Tertagih;AFILIASI;AFILIASI KF DIAGNOSTIK;0;0;0;0;0;0;0;0;0;0;0;0;0;0;0;0;0;0;0;0;0;0;0;0;0;0;0;0;0;0;0;0;0;0;0;0;0;0;0;0
KF.0163;PT. KIMIA FARMA DIAGNOSTIKA-PAKET MEDIS;MDR020231104327117;31/10/2023;DPP+PPN;184430439;0;0;184430439;856;0;0;Past Due;Tertagih;AFILIASI;AFILIASI KF DIAGNOSTIK;0;0;0;0;0;0;0;0;0;0;0;0;0;0;0;0;0;0;0;0;0;0;0;0;0;0;0;0;0;0;0;0;0;0;0;0;0;0;0;0
KF.Sumenep;PT. KIMIA FARMA DIAGNOSTIKA-YAKES PEGAWAI TELKOM;MDR020231104038391;31/10/2023;DPP+PPN;623937;0;0;623937;856;0;0;Past Due;Tertagih;AFILIASI;AFILIASI KF DIAGNOSTIK;0;0;0;0;0;0;0;0;0;0;0;0;0;0;0;0;0;0;0;0;0;0;0;0;0;0;0;0;0;0;0;0;0;0;0;0;0;0;0;0
KF.0163;PT. KIMIA FARMA DIAGNOSTIKA-KAPITASI BPJS;MDR020231202981909;30/11/2023;DPP+PPN;8023179;0;0;8023179;826;0;0;Past Due;Tertagih;AFILIASI;AFILIASI KF DIAGNOSTIK;0;0;0;0;0;0;0;0;0;0;0;0;0;0;0;0;0;0;0;0;0;0;0;0;0;0;0;0;0;0;0;0;0;0;0;0;0;0;0;0
KF.0163;PT. KIMIA FARMA DIAGNOSTIKA-KAPITASI INHEALTH;MDR020231202800560;30/11/2023;DPP+PPN;143857;0;0;143857;826;0;0;Past Due;Tertagih;AFILIASI;AFILIASI KF DIAGNOSTIK;0;0;0;0;0;0;0;0;0;0;0;0;0;0;0;0;0;0;0;0;0;0;0;0;0;0;0;0;0;0;0;0;0;0;0;0;0;0;0;0
KF.0163;PT. KIMIA FARMA DIAGNOSTIKA-MANDIRI TASPEN;MDR020231202251686;30/11/2023;DPP+PPN;39876;0;0;39876;826;0;0;Past Due;Tertagih;AFILIASI;AFILIASI KF DIAGNOSTIK;0;0;0;0;0;0;0;0;0;0;0;0;0;0;0;0;0;0;0;0;0;0;0;0;0;0;0;0;0;0;0;0;0;0;0;0;0;0;0;0
KF.0163;PT. KIMIA FARMA DIAGNOSTIKA-PAKET MEDIS;MDR020231202893898;30/11/2023;DPP+PPN;105366699;0;0;105366699;826;0;0;Past Due;Tertagih;AFILIASI;AFILIASI KF DIAGNOSTIK;0;0;0;0;0;0;0;0;0;0;0;0;0;0;0;0;0;0;0;0;0;0;0;0;0;0;0;0;0;0;0;0;0;0;0;0;0;0;0;0
KF.Sumenep;PT. KIMIA FARMA DIAGNOSTIKA-YAKES PEGAWAI TELKOM;MDR020231202496778;30/11/2023;DPP+PPN;166632;0;0;166632;826;0;0;Past Due;Tertagih;AFILIASI;AFILIASI KF DIAGNOSTIK;0;0;0;0;0;0;0;0;0;0;0;0;0;0;0;0;0;0;0;0;0;0;0;0;0;0;0;0;0;0;0;0;0;0;0;0;0;0;0;0
KF.0419 Trunojoyo;ADMEDIKA PAYOR PT-BNI LIFE INSURANCE;MDR122023001;31/12/2023;PPN;9479;0;0;9479;795;0;0;Past Due;Tertagih;PIHAK KETIGA;SWASTA;0;0;0;0;0;0;0;0;0;0;0;0;0;0;0;0;0;0;0;0;0;0;0;0;0;0;0;0;0;0;0;0;0;0;0;0;0;0;0;0
KF.0419 Trunojoyo;ADMEDIKA PAYOR PT-PAYOR GROUP;MDR122023002;31/12/2023;PPN;30716;0;0;30716;795;0;0;Past Due;Tertagih;PIHAK KETIGA;SWASTA;0;0;0;0;0;0;0;0;0;0;0;0;0;0;0;0;0;0;0;0;0;0;0;0;0;0;0;0;0;0;0;0;0;0;0;0;0;0;0;0
KF.0163;ASURANSI JIWA INHEALTH IN-MANAGED CARE;MDR122023003;31/12/2023;DPP+PPN;12446;0;0;12446;795;0;0;Past Due;Tidak Tertagih;PIHAK KETIGA;BUMN;0;0;0;0;0;0;0;0;0;0;0;0;0;0;0;0;0;0;0;0;0;0;0;0;0;0;0;0;0;0;0;0;0;0;0;0;0;0;0;0
KF.0163;BNI 46 LIFE INSURANCE PT-BNI 46 LIFE INSURANCE, SURABAY;MDR122023004;31/12/2023;DPP+PPN;54002;0;0;54002;795;0;0;Past Due;Tertagih;PIHAK KETIGA;SWASTA;0;0;0;0;0;0;0;0;0;0;0;0;0;0;0;0;0;0;0;0;0;0;0;0;0;0;0;0;0;0;0;0;0;0;0;0;0;0;0;0
KF.0163;PT. KIMIA FARMA DIAGNOSTIKA-KAPITASI BPJS;MDR122023019;31/12/2023;DPP+PPN;510009;0;0;510009;795;0;0;Past Due;Tertagih;AFILIASI;AFILIASI KF DIAGNOSTIK;0;0;0;0;0;0;0;0;0;0;0;0;0;0;0;0;0;0;0;0;0;0;0;0;0;0;0;0;0;0;0;0;0;0;0;0;0;0;0;0
KF.0163;PT. KIMIA FARMA DIAGNOSTIKA-KAPITASI BPJS;MDR122023020;31/12/2023;DPP+PPN;6118601;0;0;6118601;795;0;0;Past Due;Tertagih;AFILIASI;AFILIASI KF DIAGNOSTIK;0;0;0;0;0;0;0;0;0;0;0;0;0;0;0;0;0;0;0;0;0;0;0;0;0;0;0;0;0;0;0;0;0;0;0;0;0;0;0;0
KF.0163;PT. KIMIA FARMA DIAGNOSTIKA-KAPITASI INHEALTH;MDR122023021;31/12/2023;DPP+PPN;137763;0;0;137763;795;0;0;Past Due;Tertagih;AFILIASI;AFILIASI KF DIAGNOSTIK;0;0;0;0;0;0;0;0;0;0;0;0;0;0;0;0;0;0;0;0;0;0;0;0;0;0;0;0;0;0;0;0;0;0;0;0;0;0;0;0
KF.0163;PT. KIMIA FARMA DIAGNOSTIKA-PAKET MEDIS;MDR122023022;31/12/2023;DPP+PPN;6005745;0;0;6005745;795;0;0;Past Due;Tertagih;AFILIASI;AFILIASI KF DIAGNOSTIK;0;0;0;0;0;0;0;0;0;0;0;0;0;0;0;0;0;0;0;0;0;0;0;0;0;0;0;0;0;0;0;0;0;0;0;0;0;0;0;0
KF.0163;PT. KIMIA FARMA DIAGNOSTIKA-PAKET MEDIS;MDR122023023;31/12/2023;DPP+PPN;101835768;0;0;101835768;795;0;0;Past Due;Tertagih;AFILIASI;AFILIASI KF DIAGNOSTIK;0;0;0;0;0;0;0;0;0;0;0;0;0;0;0;0;0;0;0;0;0;0;0;0;0;0;0;0;0;0;0;0;0;0;0;0;0;0;0;0
KF.Sumenep;PT. KIMIA FARMA DIAGNOSTIKA-YAKES PEGAWAI TELKOM;MDR122023024;31/12/2023;DPP+PPN;322705;0;0;322705;795;0;0;Past Due;Tertagih;AFILIASI;AFILIASI KF DIAGNOSTIK;0;0;0;0;0;0;0;0;0;0;0;0;0;0;0;0;0;0;0;0;0;0;0;0;0;0;0;0;0;0;0;0;0;0;0;0;0;0;0;0
KF.0419 Trunojoyo;PT. KIMIA FARMA DIAGNOSTIKA-KAPITASI BPJS;CI4020250605753204;31/01/2024;DPP+PPN;8410978;0;0;8410978;764;0;0;Past Due;Tertagih;AFILIASI;AFILIASI KF DIAGNOSTIK;0;0;0;0;0;0;0;0;0;0;0;0;0;0;0;0;0;0;0;0;0;0;0;0;0;0;0;0;0;0;0;0;0;0;0;0;0;0;0;0
KF.Sumenep;PT. KIMIA FARMA DIAGNOSTIKA-MANDIRI TASPEN;CI4020250605351300;31/01/2024;DPP+PPN;645750;0;0;645750;764;0;0;Past Due;Tertagih;AFILIASI;AFILIASI KF DIAGNOSTIK;0;0;0;0;0;0;0;0;0;0;0;0;0;0;0;0;0;0;0;0;0;0;0;0;0;0;0;0;0;0;0;0;0;0;0;0;0;0;0;0
KF.0163;PT. KIMIA FARMA DIAGNOSTIKA-PAKET MEDIS;CI4020250605435089;31/01/2024;DPP+PPN;947564;0;0;947564;764;0;0;Past Due;Tertagih;AFILIASI;AFILIASI KF DIAGNOSTIK;0;0;0;0;0;0;0;0;0;0;0;0;0;0;0;0;0;0;0;0;0;0;0;0;0;0;0;0;0;0;0;0;0;0;0;0;0;0;0;0
KF.0419 Trunojoyo;PT. KIMIA FARMA DIAGNOSTIKA-PAKET MEDIS;CI4020250605985202;31/01/2024;DPP+PPN;118126171;0;0;118126171;764;0;0;Past Due;Tertagih;AFILIASI;AFILIASI KF DIAGNOSTIK;0;0;0;0;0;0;0;0;0;0;0;0;0;0;0;0;0;0;0;0;0;0;0;0;0;0;0;0;0;0;0;0;0;0;0;0;0;0;0;0
KF.0419 Trunojoyo;PT. KIMIA FARMA DIAGNOSTIKA-KAPITASI BPJS;CI4020250605758975;28/02/2024;DPP+PPN;7401031;0;0;7401031;736;0;0;Past Due;Tertagih;AFILIASI;AFILIASI KF DIAGNOSTIK;0;0;0;0;0;0;0;0;0;0;0;0;0;0;0;0;0;0;0;0;0;0;0;0;0;0;0;0;0;0;0;0;0;0;0;0;0;0;0;0
KF.Sumenep;PT. KIMIA FARMA DIAGNOSTIKA-KAPITASI INHEALTH;CI4020250605854080;28/02/2024;DPP+PPN;419046;0;0;419046;736;0;0;Past Due;Tertagih;AFILIASI;AFILIASI KF DIAGNOSTIK;0;0;0;0;0;0;0;0;0;0;0;0;0;0;0;0;0;0;0;0;0;0;0;0;0;0;0;0;0;0;0;0;0;0;0;0;0;0;0;0
KF.0274 PAMEKASAN;PT. KIMIA FARMA DIAGNOSTIKA-MANDIRI TASPEN;CI4020250605350226;28/02/2024;DPP+PPN;50315;0;0;50315;736;0;0;Past Due;Tertagih;AFILIASI;AFILIASI KF DIAGNOSTIK;0;0;0;0;0;0;0;0;0;0;0;0;0;0;0;0;0;0;0;0;0;0;0;0;0;0;0;0;0;0;0;0;0;0;0;0;0;0;0;0
KF.Sumenep;PT. KIMIA FARMA DIAGNOSTIKA-MANDIRI TASPEN;CI4020250605748603;28/02/2024;DPP+PPN;645750;0;0;645750;736;0;0;Past Due;Tertagih;AFILIASI;AFILIASI KF DIAGNOSTIK;0;0;0;0;0;0;0;0;0;0;0;0;0;0;0;0;0;0;0;0;0;0;0;0;0;0;0;0;0;0;0;0;0;0;0;0;0;0;0;0
KF.0163;PT. KIMIA FARMA DIAGNOSTIKA-PAKET MEDIS;CI4020250605744260;28/02/2024;DPP+PPN;982905;0;0;982905;736;0;0;Past Due;Tertagih;AFILIASI;AFILIASI KF DIAGNOSTIK;0;0;0;0;0;0;0;0;0;0;0;0;0;0;0;0;0;0;0;0;0;0;0;0;0;0;0;0;0;0;0;0;0;0;0;0;0;0;0;0
KF.KHM. KHOLIL BANGKALAN;PT. KIMIA FARMA DIAGNOSTIKA-PAKET MEDIS;CI4020250605816007;28/02/2024;DPP+PPN;2743972;0;0;2743972;736;0;0;Past Due;Tertagih;AFILIASI;AFILIASI KF DIAGNOSTIK;0;0;0;0;0;0;0;0;0;0;0;0;0;0;0;0;0;0;0;0;0;0;0;0;0;0;0;0;0;0;0;0;0;0;0;0;0;0;0;0
KF.0419 Trunojoyo;PT. KIMIA FARMA DIAGNOSTIKA-PAKET MEDIS;CI4020250605927231;28/02/2024;DPP+PPN;100136170;0;0;100136170;736;0;0;Past Due;Tertagih;AFILIASI;AFILIASI KF DIAGNOSTIK;0;0;0;0;0;0;0;0;0;0;0;0;0;0;0;0;0;0;0;0;0;0;0;0;0;0;0;0;0;0;0;0;0;0;0;0;0;0;0;0
KF.Sumenep;PT. KIMIA FARMA DIAGNOSTIKA-YAKES PEGAWAI TELKOM;CI4020250605156580;28/02/2024;DPP+PPN;920794;0;0;920794;736;0;0;Past Due;Tertagih;AFILIASI;AFILIASI KF DIAGNOSTIK;0;0;0;0;0;0;0;0;0;0;0;0;0;0;0;0;0;0;0;0;0;0;0;0;0;0;0;0;0;0;0;0;0;0;0;0;0;0;0;0
KF.Sumenep;ADMEDIKA PAYOR PT-PAYOR GROUP;CI4020240716651158;31/03/2024;DPP+PPN;200854;0;0;200854;704;0;0;Past Due;Tertagih;PIHAK KETIGA;SWASTA;0;0;0;0;0;0;0;0;0;0;0;0;0;0;0;0;0;0;0;0;0;0;0;0;0;0;0;0;0;0;0;0;0;0;0;0;0;0;0;0
KF.0419 Trunojoyo;PT. KIMIA FARMA DIAGNOSTIKA-KAPITASI BPJS;CI4020250605040867;31/03/2024;DPP+PPN;7927541;0;0;7927541;704;0;0;Past Due;Tertagih;AFILIASI;AFILIASI KF DIAGNOSTIK;0;0;0;0;0;0;0;0;0;0;0;0;0;0;0;0;0;0;0;0;0;0;0;0;0;0;0;0;0;0;0;0;0;0;0;0;0;0;0;0
KF.Sumenep;PT. KIMIA FARMA DIAGNOSTIKA-KAPITASI INHEALTH;CI4020250605423230;31/03/2024;DPP+PPN;108609;0;0;108609;704;0;0;Past Due;Tertagih;AFILIASI;AFILIASI KF DIAGNOSTIK;0;0;0;0;0;0;0;0;0;0;0;0;0;0;0;0;0;0;0;0;0;0;0;0;0;0;0;0;0;0;0;0;0;0;0;0;0;0;0;0
KF.Sumenep;PT. KIMIA FARMA DIAGNOSTIKA-MANDIRI TASPEN;CI4020250605326754;31/03/2024;DPP+PPN;1275901;0;0;1275901;704;0;0;Past Due;Tertagih;AFILIASI;AFILIASI KF DIAGNOSTIK;0;0;0;0;0;0;0;0;0;0;0;0;0;0;0;0;0;0;0;0;0;0;0;0;0;0;0;0;0;0;0;0;0;0;0;0;0;0;0;0
KF.0163;PT. KIMIA FARMA DIAGNOSTIKA-PAKET MEDIS;CI4020250605982784;31/03/2024;DPP+PPN;2988303;0;0;2988303;704;0;0;Past Due;Tertagih;AFILIASI;AFILIASI KF DIAGNOSTIK;0;0;0;0;0;0;0;0;0;0;0;0;0;0;0;0;0;0;0;0;0;0;0;0;0;0;0;0;0;0;0;0;0;0;0;0;0;0;0;0
KF.0419 Trunojoyo;PT. KIMIA FARMA DIAGNOSTIKA-PAKET MEDIS;CI4020250605346395;31/03/2024;DPP+PPN;47052969;0;0;47052969;704;0;0;Past Due;Tertagih;AFILIASI;AFILIASI KF DIAGNOSTIK;0;0;0;0;0;0;0;0;0;0;0;0;0;0;0;0;0;0;0;0;0;0;0;0;0;0;0;0;0;0;0;0;0;0;0;0;0;0;0;0
KF.Sumenep;PT. KIMIA FARMA DIAGNOSTIKA-YAKES PEGAWAI TELKOM;CI4020250605106583;31/03/2024;DPP+PPN;95746;0;0;95746;704;0;0;Past Due;Tertagih;AFILIASI;AFILIASI KF DIAGNOSTIK;0;0;0;0;0;0;0;0;0;0;0;0;0;0;0;0;0;0;0;0;0;0;0;0;0;0;0;0;0;0;0;0;0;0;0;0;0;0;0;0
KF.0419 Trunojoyo;NAYAKA ERA HUSADA-DEFAULT;CI4020240614199615;30/04/2024;DPP+PPN;5932;0;0;5932;674;0;0;Past Due;Tidak Tertagih;PIHAK KETIGA;SWASTA;0;0;0;0;0;0;0;0;0;0;0;0;0;0;0;0;0;0;0;0;0;0;0;0;0;0;0;0;0;0;0;0;0;0;0;0;0;0;0;0
KF.0419 Trunojoyo;PT. KIMIA FARMA DIAGNOSTIKA-KAPITASI BPJS;CI4020250605215450;30/04/2024;DPP+PPN;6761555;0;0;6761555;674;0;0;Past Due;Tertagih;AFILIASI;AFILIASI KF DIAGNOSTIK;0;0;0;0;0;0;0;0;0;0;0;0;0;0;0;0;0;0;0;0;0;0;0;0;0;0;0;0;0;0;0;0;0;0;0;0;0;0;0;0
KF.Sumenep;PT. KIMIA FARMA DIAGNOSTIKA-KAPITASI INHEALTH;CI4020250605302243;30/04/2024;DPP+PPN;237405;0;0;237405;674;0;0;Past Due;Tertagih;AFILIASI;AFILIASI KF DIAGNOSTIK;0;0;0;0;0;0;0;0;0;0;0;0;0;0;0;0;0;0;0;0;0;0;0;0;0;0;0;0;0;0;0;0;0;0;0;0;0;0;0;0
KF.Sumenep;PT. KIMIA FARMA DIAGNOSTIKA-MANDIRI TASPEN;CI4020250605047547;30/04/2024;DPP+PPN;650046;0;0;650046;674;0;0;Past Due;Tertagih;AFILIASI;AFILIASI KF DIAGNOSTIK;0;0;0;0;0;0;0;0;0;0;0;0;0;0;0;0;0;0;0;0;0;0;0;0;0;0;0;0;0;0;0;0;0;0;0;0;0;0;0;0
KF.0163;PT. KIMIA FARMA DIAGNOSTIKA-PAKET MEDIS;CI4020250605266932;30/04/2024;DPP+PPN;4016066;0;0;4016066;674;0;0;Past Due;Tertagih;AFILIASI;AFILIASI KF DIAGNOSTIK;0;0;0;0;0;0;0;0;0;0;0;0;0;0;0;0;0;0;0;0;0;0;0;0;0;0;0;0;0;0;0;0;0;0;0;0;0;0;0;0
KF.0419 Trunojoyo;PT. KIMIA FARMA DIAGNOSTIKA-PAKET MEDIS;CI4020250605398620;30/04/2024;DPP+PPN;69509088;0;0;69509088;674;0;0;Past Due;Tertagih;AFILIASI;AFILIASI KF DIAGNOSTIK;0;0;0;0;0;0;0;0;0;0;0;0;0;0;0;0;0;0;0;0;0;0;0;0;0;0;0;0;0;0;0;0;0;0;0;0;0;0;0;0
KF.Sumenep;PT. KIMIA FARMA DIAGNOSTIKA-YAKES PEGAWAI TELKOM;CI4020250605065103;30/04/2024;DPP+PPN;313829;0;0;313829;674;0;0;Past Due;Tertagih;AFILIASI;AFILIASI KF DIAGNOSTIK;0;0;0;0;0;0;0;0;0;0;0;0;0;0;0;0;0;0;0;0;0;0;0;0;0;0;0;0;0;0;0;0;0;0;0;0;0;0;0;0
KF.Sumenep;ADMEDIKA PAYOR PT-PAYOR GROUP;CI4020240716247021;31/05/2024;DPP+PPN;108256;0;0;108256;643;0;0;Past Due;Tertagih;PIHAK KETIGA;SWASTA;0;0;0;0;0;0;0;0;0;0;0;0;0;0;0;0;0;0;0;0;0;0;0;0;0;0;0;0;0;0;0;0;0;0;0;0;0;0;0;0
KF.Sumenep;BON KARYAWAN KFA-BON KARYAWAN KFA SURABAYA;CI4020250430067769;31/05/2024;DPP+PPN;246937;0;0;246937;643;0;0;Past Due;Tertagih;PIHAK KETIGA;SWASTA;0;0;0;0;0;0;0;0;0;0;0;0;0;0;4230586;513555;3728194;0;0;0;0;0;0;4088508;0;0;0;0;0;0;0;0;0;0;0;0;0;0;0;0
KF.0419 Trunojoyo;NAYAKA ERA HUSADA-DEFAULT;CI4020240830359817;31/05/2024;DPP+PPN;12003;0;0;12003;643;0;0;Past Due;Tidak Tertagih;PIHAK KETIGA;SWASTA;0;0;0;0;0;0;0;0;0;0;0;0;0;0;0;0;0;0;0;0;0;0;0;1;0;0;0;0;0;0;0;0;0;0;0;0;0;0;0;0
KF.0419 Trunojoyo;PT. KIMIA FARMA DIAGNOSTIKA-KAPITASI BPJS;CI4020250605412634;31/05/2024;DPP+PPN;7723718;0;0;7723718;643;0;0;Past Due;Tertagih;AFILIASI;AFILIASI KF DIAGNOSTIK;0;0;0;0;0;0;0;0;0;0;0;0;0;0;0;0;0;0;0;0;0;0;0;0;0;0;0;0;0;0;0;0;0;0;0;0;0;0;0;0
KF.Sumenep;PT. KIMIA FARMA DIAGNOSTIKA-KAPITASI INHEALTH;CI4020250605158780;31/05/2024;DPP+PPN;75076;0;0;75076;643;0;0;Past Due;Tertagih;AFILIASI;AFILIASI KF DIAGNOSTIK;0;0;0;0;0;0;0;0;0;0;0;0;0;0;0;0;0;0;0;0;0;0;0;0;0;0;0;0;0;0;0;0;0;0;0;0;0;0;0;0
KF.0274 PAMEKASAN;PT. KIMIA FARMA DIAGNOSTIKA-MANDIRI TASPEN;CI4020250605082085;31/05/2024;DPP+PPN;428994;0;0;428994;643;0;0;Past Due;Tertagih;AFILIASI;AFILIASI KF DIAGNOSTIK;0;0;0;0;0;0;0;0;0;0;0;0;0;0;0;0;0;0;0;0;0;0;0;0;0;0;0;0;0;0;0;0;0;0;0;0;0;0;0;0
KF.0163;PT. KIMIA FARMA DIAGNOSTIKA-PAKET MEDIS;CI4020250605321703;31/05/2024;DPP+PPN;4109724;0;0;4109724;643;0;0;Past Due;Tertagih;AFILIASI;AFILIASI KF DIAGNOSTIK;0;0;0;0;0;0;0;0;0;0;0;0;0;0;0;0;0;0;0;0;0;0;0;0;0;0;0;0;0;0;0;0;0;0;0;0;0;0;0;0
KF.0419 Trunojoyo;PT. KIMIA FARMA DIAGNOSTIKA-PAKET MEDIS;CI4020250605898391;31/05/2024;DPP+PPN;43080835;0;0;43080835;643;0;0;Past Due;Tertagih;AFILIASI;AFILIASI KF DIAGNOSTIK;0;0;0;0;0;0;0;0;0;0;0;0;0;0;0;0;0;0;0;0;0;0;0;0;0;0;0;0;0;0;0;0;0;0;0;0;0;0;0;0
KF.Sumenep;PT. KIMIA FARMA DIAGNOSTIKA-YAKES PEGAWAI TELKOM;CI4020250605586558;31/05/2024;DPP+PPN;131569;0;0;131569;643;0;0;Past Due;Tertagih;AFILIASI;AFILIASI KF DIAGNOSTIK;0;0;0;0;0;0;0;0;0;0;0;0;0;0;0;0;0;0;0;0;0;0;0;0;0;0;0;0;0;0;0;0;0;0;0;0;0;0;0;0
KF.0274 PAMEKASAN;BPJS KESEHATAN MADURA-PASIEN RUJUK BALIK;CI4020240814761110;30/06/2024;DPP+PPN;923336;0;0;923336;613;0;0;Past Due;Tidak Tertagih;PIHAK KETIGA;INSTANSI_PEMERINTAH;0;0;0;0;0;0;0;0;0;0;0;0;0;0;0;0;0;0;0;0;0;0;3240176;0;0;0;0;0;0;0;0;0;0;0;0;0;0;0;0;0
KF.0419 Trunojoyo;PT. KIMIA FARMA DIAGNOSTIKA-KAPITASI BPJS;CI4020250605151868;30/06/2024;DPP+PPN;6490140;0;0;6490140;613;0;0;Past Due;Tertagih;AFILIASI;AFILIASI KF DIAGNOSTIK;0;0;0;0;0;0;0;0;0;0;0;0;0;0;0;0;0;0;0;0;0;0;0;0;0;0;0;0;0;0;0;0;0;0;0;0;0;0;0;0
KF.Sumenep;PT. KIMIA FARMA DIAGNOSTIKA-KAPITASI INHEALTH;CI4020250605886617;30/06/2024;DPP+PPN;93451;0;0;93451;613;0;0;Past Due;Tertagih;AFILIASI;AFILIASI KF DIAGNOSTIK;0;0;0;0;0;0;0;0;0;0;0;0;0;0;0;0;0;0;0;0;0;0;0;0;0;0;0;0;0;0;0;0;0;0;0;0;0;0;0;0
KF.0274 PAMEKASAN;PT. KIMIA FARMA DIAGNOSTIKA-MANDIRI TASPEN;CI4020250605766542;30/06/2024;DPP+PPN;431269;0;0;431269;613;0;0;Past Due;Tertagih;AFILIASI;AFILIASI KF DIAGNOSTIK;0;0;0;0;0;0;0;0;0;0;0;0;0;0;0;0;0;0;0;0;0;0;0;0;0;0;0;0;0;0;0;0;0;0;0;0;0;0;0;0
KF.Sumenep;PT. KIMIA FARMA DIAGNOSTIKA-MANDIRI TASPEN;CI4020250605262498;30/06/2024;DPP+PPN;607114;0;0;607114;613;0;0;Past Due;Tertagih;AFILIASI;AFILIASI KF DIAGNOSTIK;0;0;0;0;0;0;0;0;0;0;0;0;0;0;0;0;0;0;0;0;0;0;0;0;0;0;0;0;0;0;0;0;0;0;0;0;0;0;0;0
KF.0163;PT. KIMIA FARMA DIAGNOSTIKA-PAKET MEDIS;CI4020250605141932;30/06/2024;DPP+PPN;4891833;0;0;4891833;613;0;0;Past Due;Tertagih;AFILIASI;AFILIASI KF DIAGNOSTIK;0;0;0;0;0;0;0;0;0;0;0;0;0;0;0;0;0;0;0;0;0;0;0;0;0;0;0;0;0;0;0;0;0;0;0;0;0;0;0;0
KF.KHM. KHOLIL BANGKALAN;PT. KIMIA FARMA DIAGNOSTIKA-PAKET MEDIS;CI4020250605851496;30/06/2024;DPP+PPN;7357810;0;0;7357810;613;0;0;Past Due;Tertagih;AFILIASI;AFILIASI KF DIAGNOSTIK;0;0;0;0;0;0;0;0;0;0;0;0;0;0;0;0;0;0;0;0;0;0;0;0;0;0;0;0;0;0;0;0;0;0;0;0;0;0;0;0
KF.0419 Trunojoyo;PT. KIMIA FARMA DIAGNOSTIKA-PAKET MEDIS;CI4020250605999906;30/06/2024;DPP+PPN;17884570;0;0;17884570;613;0;0;Past Due;Tertagih;AFILIASI;AFILIASI KF DIAGNOSTIK;0;0;0;0;0;0;0;0;0;0;0;0;0;0;0;0;0;0;0;0;0;0;0;0;0;0;0;0;0;0;0;0;0;0;0;0;0;0;0;0
KF.Sumenep;PT. KIMIA FARMA DIAGNOSTIKA-YAKES PEGAWAI TELKOM;CI4020250605507480;30/06/2024;DPP+PPN;465319;0;0;465319;613;0;0;Past Due;Tertagih;AFILIASI;AFILIASI KF DIAGNOSTIK;0;0;0;0;0;0;0;0;0;0;0;0;0;0;0;0;0;0;0;0;0;0;0;0;0;0;0;0;0;0;0;0;0;0;0;0;0;0;0;0
KF.0419 Trunojoyo;PT. KIMIA FARMA DIAGNOSTIKA-KAPITASI BPJS;CI4020250605948211;31/07/2024;DPP+PPN;6373993;0;0;6373993;582;0;0;Past Due;Tertagih;AFILIASI;AFILIASI KF DIAGNOSTIK;0;0;0;0;0;0;0;0;0;0;0;0;0;0;0;0;0;0;0;0;0;0;0;0;0;0;0;0;0;0;0;0;0;0;0;0;0;0;0;0
KF.Sumenep;PT. KIMIA FARMA DIAGNOSTIKA-KAPITASI INHEALTH;CI4020250605988353;31/07/2024;DPP+PPN;188527;0;0;188527;582;0;0;Past Due;Tertagih;AFILIASI;AFILIASI KF DIAGNOSTIK;0;0;0;0;0;0;0;0;0;0;0;0;0;0;0;0;0;0;0;0;0;0;0;0;0;0;0;0;0;0;0;0;0;0;0;0;0;0;0;0
KF.0274 PAMEKASAN;PT. KIMIA FARMA DIAGNOSTIKA-MANDIRI TASPEN;CI4020250605425550;31/07/2024;DPP+PPN;432908;0;0;432908;582;0;0;Past Due;Tertagih;AFILIASI;AFILIASI KF DIAGNOSTIK;0;0;0;0;0;0;0;0;0;0;0;0;0;0;0;0;0;0;0;0;0;0;0;0;0;0;0;0;0;0;0;0;0;0;0;0;0;0;0;0
KF.Sumenep;PT. KIMIA FARMA DIAGNOSTIKA-MANDIRI TASPEN;CI4020250605544427;31/07/2024;DPP+PPN;1217701;0;0;1217701;582;0;0;Past Due;Tertagih;AFILIASI;AFILIASI KF DIAGNOSTIK;0;0;0;0;0;0;0;0;0;0;0;0;0;0;0;0;0;0;0;0;0;0;0;0;0;0;0;0;0;0;0;0;0;0;0;0;0;0;0;0
KF.0163;PT. KIMIA FARMA DIAGNOSTIKA-PAKET MEDIS;CI4020250605581236;31/07/2024;DPP+PPN;2550419;0;0;2550419;582;0;0;Past Due;Tertagih;AFILIASI;AFILIASI KF DIAGNOSTIK;0;0;0;0;0;0;0;0;0;0;0;0;0;0;0;0;0;0;0;0;0;0;0;0;0;0;0;0;0;0;0;0;0;0;0;0;0;0;0;0
KF.0419 Trunojoyo;PT. KIMIA FARMA DIAGNOSTIKA-PAKET MEDIS;CI4020250605878656;31/07/2024;DPP+PPN;11885413;0;0;11885413;582;0;0;Past Due;Tertagih;AFILIASI;AFILIASI KF DIAGNOSTIK;0;0;0;0;0;0;0;0;0;0;0;0;0;0;0;0;0;0;0;0;0;0;0;0;0;0;0;0;0;0;0;0;0;0;0;0;0;0;0;0
KF.0419 Trunojoyo;PT. KIMIA FARMA DIAGNOSTIKA-KAPITASI BPJS;CI4020250605212965;31/08/2024;DPP+PPN;6439585;0;0;6439585;551;0;0;Past Due;Tertagih;AFILIASI;AFILIASI KF DIAGNOSTIK;0;0;0;0;0;0;0;0;0;0;0;0;0;0;0;0;0;0;0;0;0;0;0;0;0;0;0;0;0;0;0;0;0;0;0;0;0;0;0;0
KF.0274 PAMEKASAN;PT. KIMIA FARMA DIAGNOSTIKA-MANDIRI TASPEN;CI4020250605147240;31/08/2024;DPP+PPN;431269;0;0;431269;551;0;0;Past Due;Tertagih;AFILIASI;AFILIASI KF DIAGNOSTIK;0;0;0;0;0;0;0;0;0;0;0;0;0;0;0;0;0;0;0;0;0;0;0;0;0;0;0;0;0;0;0;0;0;0;0;0;0;0;0;0
KF.Sumenep;PT. KIMIA FARMA DIAGNOSTIKA-MANDIRI TASPEN;CI4020250605541618;31/08/2024;DPP+PPN;608838;0;0;608838;551;0;0;Past Due;Tertagih;AFILIASI;AFILIASI KF DIAGNOSTIK;0;0;0;0;0;0;0;0;0;0;0;0;0;0;0;0;0;5;0;0;0;0;0;0;0;0;0;0;0;0;0;0;0;0;0;0;0;0;0;0
KF.KHM. KHOLIL BANGKALAN;PT. KIMIA FARMA DIAGNOSTIKA-PAKET MEDIS;CI4020250605604205;31/08/2024;DPP+PPN;492439;0;0;492439;551;0;0;Past Due;Tertagih;AFILIASI;AFILIASI KF DIAGNOSTIK;0;0;0;0;0;0;0;0;0;0;0;0;0;0;0;0;0;0;0;0;0;0;1;0;0;0;0;0;0;0;0;0;0;0;0;0;0;0;0;0
KF.0163;PT. KIMIA FARMA DIAGNOSTIKA-PAKET MEDIS;CI4020250605332224;31/08/2024;DPP+PPN;1864427;0;0;1864427;551;0;0;Past Due;Tertagih;AFILIASI;AFILIASI KF DIAGNOSTIK;0;0;0;0;0;0;0;0;0;0;0;0;0;0;0;0;0;0;0;0;0;0;0;0;0;0;0;0;0;0;0;0;0;0;0;0;0;0;0;0
KF.0419 Trunojoyo;PT. KIMIA FARMA DIAGNOSTIKA-PAKET MEDIS;CI4020250605889688;31/08/2024;DPP+PPN;28360239;0;0;28360239;551;0;0;Past Due;Tertagih;AFILIASI;AFILIASI KF DIAGNOSTIK;0;0;0;0;0;0;0;0;0;0;0;0;0;0;0;0;0;0;0;1;0;0;0;0;0;0;0;0;0;0;0;0;0;0;0;0;0;0;0;0
KF.KHM. KHOLIL BANGKALAN;ASURANSI JIWA INHEALTH IN-MANAGED CARE;CI4020250605755264;31/10/2024;DPP+PPN;9710;0;0;9710;490;0;0;Past Due;Tidak Tertagih;PIHAK KETIGA;BUMN;0;0;0;0;0;0;0;0;0;0;0;0;0;0;0;0;0;0;0;0;0;0;0;0;0;0;0;0;0;0;0;0;0;0;0;0;0;0;0;0
KF.0274 PAMEKASAN;BPJS KESEHATAN MADURA-PASIEN RUJUK BALIK;CI4020241129601184;31/10/2024;DPP+PPN;1885140;0;0;1885140;490;0;0;Past Due;Tidak Tertagih;PIHAK KETIGA;INSTANSI_PEMERINTAH;0;0;0;0;0;0;0;0;0;0;0;0;0;0;0;0;0;0;0;0;0;0;0;0;0;0;0;0;0;0;0;0;0;0;0;0;0;0;0;0
KF.0274 PAMEKASAN;BPJS KESEHATAN MADURA-PASIEN RUJUK BALIK;CI4020250129307840;31/12/2024;DPP+PPN;239507;0;0;239507;429;0;0;Past Due;Tidak Tertagih;PIHAK KETIGA;INSTANSI_PEMERINTAH;0;0;0;0;0;0;0;0;0;0;0;0;0;46542971;0;0;0;0;0;0;0;0;0;0;0;0;0;0;0;0;0;0;0;0;0;0;0;0;0;0
KF.0419 Trunojoyo;PT. KIMIA FARMA DIAGNOSTIKA-KAPITASI BPJS;CI4020250605597367;31/12/2024;DPP+PPN;6993610;0;0;6993610;429;0;0;Past Due;Tertagih;AFILIASI;AFILIASI KF DIAGNOSTIK;0;0;0;0;0;0;0;0;0;0;0;0;0;0;0;0;0;0;4;0;0;0;5;0;0;0;0;0;0;0;0;0;0;0;0;0;0;0;0;0
KF.0419 Trunojoyo;ADMEDIKA PAYOR PT-PAYOR GROUP;CI4020250204395623;31/01/2025;DPP+PPN;378461;0;0;378461;398;378461;0;Past Due;Tertagih;PIHAK KETIGA;SWASTA;0;0;0;0;0;0;0;0;0;0;0;0;0;0;0;0;0;0;0;0;0;0;0;0;0;0;0;0;0;0;0;0;0;0;0;0;0;0;0;0
KF.Sumenep;BON KARYAWAN KFA-BON KARYAWAN KFA SURABAYA;CI4020250206693829;31/01/2025;DPP+PPN;592364;0;0;592364;398;592364;0;Past Due;Tertagih;PIHAK KETIGA;SWASTA;0;0;0;0;0;0;0;0;0;0;0;0;0;0;0;0;0;0;0;0;0;0;0;0;0;0;0;0;0;0;0;0;0;0;0;0;0;0;0;0
KF.0274 PAMEKASAN;BPJS KESEHATAN MADURA-PASIEN RUJUK BALIK;CI4020250204823569;31/01/2025;DPP+PPN;338768;0;0;338768;398;0;0;Past Due;Tidak Tertagih;PIHAK KETIGA;INSTANSI_PEMERINTAH;0;0;0;0;0;0;0;0;0;0;0;0;0;0;32692831;0;0;0;0;0;0;0;0;0;0;0;0;0;0;0;0;0;0;0;0;0;0;0;0;0
KF.Sumenep;BPJS KESEHATAN MADURA-PASIEN RUJUK BALIK;CI4020250204574527;31/01/2025;DPP+PPN;464773;0;0;464773;398;0;0;Past Due;Tidak Tertagih;PIHAK KETIGA;INSTANSI_PEMERINTAH;0;0;0;0;0;0;0;0;0;0;0;0;0;48949622;0;0;0;0;0;0;0;0;0;0;0;0;0;0;0;0;0;0;0;0;0;0;0;0;0;0
KF.0419 Trunojoyo;NAYAKA ERA HUSADA-DEFAULT;CI4020250204420860;31/01/2025;DPP+PPN;169266;0;0;169266;398;0;0;Past Due;Tidak Tertagih;PIHAK KETIGA;SWASTA;0;0;0;0;0;0;0;0;0;0;0;0;0;0;0;0;0;0;0;0;0;0;0;0;0;0;0;0;0;0;0;0;0;0;0;0;0;0;0;0
KF.0419 Trunojoyo;ADMEDIKA MANAGED CARE-ADMEDIKA EMPLOYEE;CI4020250311016675;28/02/2025;DPP+PPN;116120;0;0;116120;370;116120;0;Past Due;Tertagih;PIHAK KETIGA;SWASTA;0;0;0;0;0;0;0;0;0;0;0;0;0;0;0;0;0;0;0;0;0;0;0;0;0;0;0;0;0;0;0;0;0;0;0;0;0;0;0;0
KF.0419 Trunojoyo;ASURANSI JIWA INHEALTH IN-MANAGED CARE;CI4020250311683574;28/02/2025;DPP+PPN;32068;0;0;32068;370;0;0;Past Due;Tidak Tertagih;PIHAK KETIGA;BUMN;0;0;0;0;0;0;0;0;0;0;0;0;0;0;0;0;0;0;0;0;0;0;0;0;0;0;0;0;0;0;0;0;0;0;0;0;0;0;0;0
KF.Sampang;BPJS KESEHATAN MADURA-PASIEN RUJUK BALIK;CI4020250311113675;28/02/2025;DPP+PPN;107090;0;0;107090;370;0;0;Past Due;Tidak Tertagih;PIHAK KETIGA;INSTANSI_PEMERINTAH;0;0;0;0;0;0;0;0;0;0;0;0;0;0;0;0;33303384;31383;36794;53714;126966;145164;134842;77003;0;0;0;0;0;0;0;0;0;0;0;0;0;0;0;0
KF.KHM. KHOLIL BANGKALAN;BPJS KESEHATAN MADURA-PASIEN RUJUK BALIK;CI4020250311349770;28/02/2025;DPP+PPN;265173;0;0;265173;370;0;0;Past Due;Tidak Tertagih;PIHAK KETIGA;INSTANSI_PEMERINTAH;0;0;0;0;0;0;0;0;0;0;0;0;0;0;0;14153383;0;551749;0;0;0;0;0;0;0;0;0;0;0;0;0;0;0;0;0;0;0;0;0;0
KF.Sumenep;BPJS KESEHATAN MADURA-PASIEN RUJUK BALIK;CI4020250311104601;28/02/2025;DPP+PPN;414369;0;0;414369;370;0;0;Past Due;Tidak Tertagih;PIHAK KETIGA;INSTANSI_PEMERINTAH;0;0;0;0;0;0;0;0;0;0;0;0;0;0;58003887;532575;0;0;0;0;0;0;0;0;0;0;0;0;0;0;0;0;0;0;0;0;0;0;0;0
KF.0274 PAMEKASAN;BPJS KESEHATAN MADURA-PASIEN RUJUK BALIK;CI4020250311932442;28/02/2025;DPP+PPN;776761;0;0;776761;370;0;0;Past Due;Tidak Tertagih;PIHAK KETIGA;INSTANSI_PEMERINTAH;0;0;0;0;0;0;0;0;0;0;0;0;0;0;43150730;0;0;0;0;0;0;0;0;0;0;0;0;0;0;0;0;0;0;0;0;0;0;0;0;0
KF.Sumenep;BPJS KESEHATAN SURABAYA-PASIEN RUJUK BALIK;CI4020250311980700;28/02/2025;DPP+PPN;167179;0;0;167179;370;0;0;Past Due;Tidak Tertagih;PIHAK KETIGA;INSTANSI_PEMERINTAH;0;0;0;0;0;0;0;0;0;0;0;0;0;0;0;0;0;0;0;0;0;0;14;0;0;0;0;0;0;0;0;0;0;0;0;0;0;0;0;0
KF.0419 Trunojoyo;NAYAKA ERA HUSADA-DEFAULT;CI4020250311817734;28/02/2025;DPP+PPN;92114;0;0;92114;370;0;0;Past Due;Tidak Tertagih;PIHAK KETIGA;SWASTA;0;0;0;0;0;0;0;0;0;0;0;0;0;0;0;0;0;0;0;0;0;0;0;0;0;0;0;0;0;0;0;0;0;0;0;0;0;0;0;0
KF.0419 Trunojoyo;PLN Unit Induk Distribusi Jawa Timu-PLN UID JATIM FO JATIM;CI4020250311517775;28/02/2025;DPP+PPN;18126;0;0;18126;370;0;0;Past Due;Tidak Tertagih;PIHAK KETIGA;BUMN;0;0;0;0;0;0;0;0;0;0;0;0;0;0;0;0;0;4784951;279204;0;0;0;0;0;0;0;0;0;0;0;0;0;0;0;0;0;0;0;0;0
KF.Sumenep;PLN Unit Induk Distribusi Jawa Timu-PLN UID JATIM FO JATIM;CI4020250311562234;28/02/2025;DPP+PPN;37071;0;0;37071;370;0;0;Past Due;Tidak Tertagih;PIHAK KETIGA;BUMN;0;0;0;0;0;0;0;0;0;0;0;0;0;0;0;0;0;1342404;0;15646892;0;0;0;0;0;0;0;0;0;0;0;0;0;0;0;0;0;0;0;0
KF.0274 PAMEKASAN;PLN Unit Induk Distribusi Jawa Timu-PLN UID JATIM FO JATIM;CI4020250311123408;28/02/2025;DPP+PPN;1664475;0;0;1664475;370;1664475;0;Past Due;Tertagih;PIHAK KETIGA;BUMN;0;0;0;0;0;0;0;0;0;0;0;0;0;0;0;0;0;4630532;0;350880;0;0;0;0;0;0;0;0;0;0;0;0;0;0;0;0;0;0;0;0
KF.0419 Trunojoyo;ADMEDIKA PAYOR PT-BNI LIFE INSURANCE;CI4020250408881915;31/03/2025;DPP+PPN;411836;0;0;411836;339;411836;0;Past Due;Tertagih;PIHAK KETIGA;SWASTA;0;0;0;0;0;0;0;0;0;0;0;0;0;0;0;0;0;0;0;0;0;0;0;0;0;0;0;0;0;0;0;0;0;0;0;0;0;0;0;0
KF.0274 PAMEKASAN;BPJS KESEHATAN MADURA-PASIEN RUJUK BALIK;CI4020250408646494;31/03/2025;DPP+PPN;1168182;0;0;1168182;339;0;0;Past Due;Tidak Tertagih;PIHAK KETIGA;INSTANSI_PEMERINTAH;0;0;0;0;0;0;0;0;0;0;0;0;0;0;0;39738324;0;0;0;0;0;0;0;0;0;0;0;0;0;0;0;0;0;0;0;0;0;0;0;0
KF.0419 Trunojoyo;NAYAKA ERA HUSADA-DEFAULT;CI4020250408365310;31/03/2025;DPP+PPN;58755;0;0;58755;339;0;0;Past Due;Tidak Tertagih;PIHAK KETIGA;SWASTA;0;0;0;0;0;0;0;0;0;0;0;0;0;0;0;0;0;0;0;0;0;0;0;0;0;0;0;0;0;0;0;0;0;0;0;0;0;0;0;0
KF.Sumenep;PLN Unit Induk Distribusi Jawa Timu-PLN UID JATIM FO JATIM;CI4020250408278096;31/03/2025;DPP+PPN;16274;0;0;16274;339;0;0;Past Due;Tidak Tertagih;PIHAK KETIGA;BUMN;0;0;0;0;0;0;0;0;0;0;0;0;0;0;0;0;0;0;0;22099554;0;0;0;0;0;0;0;0;0;0;0;0;0;0;0;0;0;0;0;0
KF.0274 PAMEKASAN;PLN Unit Induk Distribusi Jawa Timu-PLN UID JATIM FO JATIM;CI4020250408990064;31/03/2025;DPP+PPN;193335;0;0;193335;339;0;0;Past Due;Tidak Tertagih;PIHAK KETIGA;BUMN;0;0;0;0;0;0;0;0;0;0;0;0;0;0;0;0;0;3670447;0;1953210;0;0;0;0;0;0;0;0;0;0;0;0;0;0;0;0;0;0;0;0
KF.0419 Trunojoyo;ADMEDIKA PAYOR- SUNDAY INSURANCE INDONESIA ,;CI4020250502926965;30/04/2025;DPP+PPN;185433;0;0;185433;309;185433;0;Past Due;Tertagih;PIHAK KETIGA;SWASTA;0;0;0;0;0;0;0;0;0;0;0;0;0;0;0;0;0;0;0;0;0;0;0;0;0;0;0;0;0;0;0;0;0;0;0;0;0;0;0;0
KF.0274 PAMEKASAN;BPJS KESEHATAN MADURA-PASIEN RUJUK BALIK;CI4020250502490725;30/04/2025;DPP+PPN;2364672;0;0;2364672;309;0;0;Past Due;Tidak Tertagih;PIHAK KETIGA;INSTANSI_PEMERINTAH;0;0;0;0;0;0;0;0;0;0;0;0;0;0;0;0;44849928;0;5764531;0;0;0;0;0;0;0;0;0;0;0;0;0;0;0;0;0;0;0;0;0
KF.Sumenep;BPJS KESEHATAN MADURA-PASIEN RUJUK BALIK;CI4020250502443486;30/04/2025;DPP+PPN;4240971;0;0;4240971;309;0;0;Past Due;Tidak Tertagih;PIHAK KETIGA;INSTANSI_PEMERINTAH;0;0;0;0;0;0;0;0;0;0;0;0;0;0;0;0;59988400;0;0;0;0;0;0;0;0;0;0;0;0;0;0;0;0;0;0;0;0;0;0;0
KF.0419 Trunojoyo;NAYAKA ERA HUSADA-DEFAULT;CI4020250502766116;30/04/2025;DPP+PPN;274087;0;0;274087;309;274087;0;Past Due;Tertagih;PIHAK KETIGA;SWASTA;0;0;0;0;0;0;0;0;0;0;0;0;0;0;0;0;0;0;0;0;0;0;0;0;0;0;0;0;0;0;0;0;0;0;0;0;0;0;0;0
KF.Sumenep;PLN Unit Induk Distribusi Jawa Timu-PLN UID JATIM FO JATIM;CI4020250502247067;30/04/2025;DPP+PPN;16979;0;0;16979;309;0;0;Past Due;Tidak Tertagih;PIHAK KETIGA;BUMN;0;0;0;0;0;0;0;0;0;0;0;0;0;0;0;0;0;0;0;14489198;168235;0;0;0;0;0;0;0;0;0;0;0;0;0;0;0;0;0;0;0
KF.0419 Trunojoyo;ADMEDIKA PAYOR- BCA LIFE INSURANCE, PT;CI4020250603884429;31/05/2025;DPP+PPN;153573;0;0;153573;278;153573;0;Past Due;Tertagih;PIHAK KETIGA;SWASTA;0;0;0;0;0;0;0;0;0;0;0;0;0;0;0;0;0;0;0;0;0;0;0;0;0;0;0;0;0;0;0;0;0;0;0;0;0;0;0;0
KF.0419 Trunojoyo;ADMEDIKA PAYOR- SUNDAY INSURANCE INDONESIA ,;CI4020250603423159;31/05/2025;DPP+PPN;90191;0;0;90191;278;90191;0;Past Due;Tertagih;PIHAK KETIGA;SWASTA;0;0;0;0;0;0;0;0;0;0;0;0;0;0;0;0;0;0;0;0;0;0;0;0;0;0;0;0;0;0;0;0;0;0;0;0;0;0;0;0
KF.0419 Trunojoyo;ASURANSI JIWA INHEALTH IN-MANAGED CARE;CI4020250603432812;31/05/2025;DPP+PPN;30093;0;0;30093;278;0;0;Past Due;Tidak Tertagih;PIHAK KETIGA;BUMN;0;0;0;0;0;0;0;0;0;0;0;0;0;0;0;0;0;0;0;0;0;0;0;0;0;0;0;0;0;0;0;0;0;0;0;0;0;0;0;0
KF.Sumenep;BPJS KESEHATAN MADURA-PASIEN RUJUK BALIK;CI4020250603915123;31/05/2025;DPP+PPN;235007;0;0;235007;278;0;0;Past Due;Tidak Tertagih;PIHAK KETIGA;INSTANSI_PEMERINTAH;0;0;0;0;0;0;0;0;0;0;0;0;0;0;0;0;0;0;68103570;0;0;0;0;0;0;0;0;0;0;0;0;0;0;0;0;0;0;0;0;0
KF.KHM. KHOLIL BANGKALAN;BPJS KESEHATAN MADURA-PASIEN RUJUK BALIK;CI4020250603729738;31/05/2025;DPP+PPN;293390;0;0;293390;278;0;0;Past Due;Tidak Tertagih;PIHAK KETIGA;INSTANSI_PEMERINTAH;0;0;0;0;0;0;0;0;0;0;0;0;0;0;0;0;0;0;13090559;0;0;0;0;0;0;0;0;0;0;0;0;0;0;0;0;0;0;0;0;0
KF.0274 PAMEKASAN;BPJS KESEHATAN MADURA-PASIEN RUJUK BALIK;CI4020250603014974;31/05/2025;DPP+PPN;1967483;0;701339;1266144;278;0;0;Past Due;Tidak Tertagih;PIHAK KETIGA;INSTANSI_PEMERINTAH;0;0;0;0;0;0;0;0;0;0;0;0;0;0;0;0;0;0;39536420;0;0;0;3895832;0;701339;0;0;0;0;0;0;0;0;0;0;0;0;0;0;0
KF.0419 Trunojoyo;BRI LIFE INSURANCE-PT. PUPUK INDONESIA (PERSERO);CI4020250603603524;31/05/2025;DPP+PPN;99505;0;0;99505;278;99505;0;Past Due;Tertagih;PIHAK KETIGA;SWASTA;0;0;0;0;0;0;0;0;0;0;0;0;0;0;0;0;0;0;0;0;0;0;0;0;0;0;0;0;0;0;0;0;0;0;0;0;0;0;0;0
KF.0419 Trunojoyo;ADMEDIKA PAYOR-ANGKASA PURA INDONESIA, PT;CI4020250702514198;30/06/2025;DPP+PPN;156596;0;0;156596;248;156596;0;Past Due;Tertagih;PIHAK KETIGA;SWASTA;0;0;0;0;0;0;0;0;0;0;0;0;0;0;0;0;0;0;0;0;0;0;0;0;0;0;0;0;0;0;0;0;0;0;0;0;0;0;0;0
KF.0419 Trunojoyo;ASURANSI JIWA INHEALTH IN-MANAGED CARE;CI4020250703844241;30/06/2025;DPP+PPN;33254;0;0;33254;248;0;0;Past Due;Tidak Tertagih;PIHAK KETIGA;BUMN;0;0;0;0;0;0;0;0;0;0;0;0;0;0;0;0;0;0;0;0;0;0;0;0;0;0;0;0;0;0;0;0;0;0;0;0;0;0;0;0
KF.Sumenep;ASURANSI PERISAI LISTRIK NASIONAL-PLN UID JATIM FO JATIM;CI4020250703984186;30/06/2025;DPP+PPN;968199;0;0;968199;248;968199;0;Past Due;Tertagih;PIHAK KETIGA;BUMN;0;0;0;0;0;0;0;0;0;0;0;0;0;0;0;0;0;0;0;0;22599256;0;0;0;0;0;0;0;0;0;0;0;0;0;0;0;0;0;0;0
KF.Sumenep;BPJS KESEHATAN MADURA-PASIEN RUJUK BALIK;CI4020250703212731;30/06/2025;DPP+PPN;74467;0;0;74467;248;0;0;Past Due;Tidak Tertagih;PIHAK KETIGA;INSTANSI_PEMERINTAH;0;0;0;0;0;0;0;0;0;0;0;0;0;0;0;0;0;0;66290300;0;0;0;0;0;0;0;0;0;0;0;0;0;0;0;0;0;0;0;0;0
KF.KHM. KHOLIL BANGKALAN;BPJS KESEHATAN MADURA-PASIEN RUJUK BALIK;CI4020250703893386;30/06/2025;DPP+PPN;441655;0;66601;375054;248;0;0;Past Due;Tidak Tertagih;PIHAK KETIGA;INSTANSI_PEMERINTAH;0;0;0;0;0;0;0;0;0;0;0;0;0;0;0;0;0;0;0;16063577;0;0;0;0;0;66601;0;0;0;0;0;0;0;0;0;0;0;0;0;06/02/2026
KF.0274 PAMEKASAN;BPJS KESEHATAN MADURA-PASIEN RUJUK BALIK;CI4020250703241521;30/06/2025;DPP+PPN;856721;0;600079;256642;248;0;0;Past Due;Tidak Tertagih;PIHAK KETIGA;INSTANSI_PEMERINTAH;0;0;0;0;0;0;0;0;0;0;0;0;0;0;4163512;0;0;0;42436352;0;0;0;0;0;600079;0;0;0;0;0;0;0;0;0;0;0;0;0;0;0
KF.0419 Trunojoyo;NAYAKA ERA HUSADA-DEFAULT;CI4020250703802143;30/06/2025;DPP+PPN;259146;0;0;259146;248;259146;0;Past Due;Tertagih;PIHAK KETIGA;SWASTA;0;0;0;0;0;0;0;0;0;0;0;0;0;0;0;0;0;0;0;0;0;0;0;0;0;0;0;0;0;0;0;0;0;0;0;0;0;0;0;0
KF.0274 PAMEKASAN;SWAKELOLA KESEHATAN KFA-;MDR06202501;30/06/2025;DPP+PPN;894685;0;0;894685;248;0;0;Past Due;Tertagih;AFILIASI;AFILIASI KFA/BEBAN;0;0;0;0;0;0;0;0;0;0;0;0;0;0;0;0;0;0;0;0;0;0;0;0;0;0;0;0;0;0;0;0;0;0;0;0;0;0;0;0
KF.0419 Trunojoyo;ADMEDIKA PAYOR- SUNDAY INSURANCE INDONESIA ,;CI4020250804102241;31/07/2025;DPP+PPN;135743;0;0;135743;217;135743;0;Past Due;Tertagih;PIHAK KETIGA;SWASTA;0;0;0;0;0;0;0;0;0;0;0;0;0;0;0;0;0;0;0;0;0;0;0;0;0;0;0;0;0;0;0;0;0;0;0;0;0;0;0;0
KF.0419 Trunojoyo;ASURANSI JIWA INHEALTH INDONESIA PT-INHEALTH INDEMNITY;CI4020250804552888;31/07/2025;DPP+PPN;37110;0;0;37110;217;0;0;Past Due;Tertagih;AFILIASI;AFILIASI KF DIAGNOSTIK LAINNYA;0;0;0;0;0;0;0;0;0;0;0;0;0;0;0;0;0;0;0;0;0;0;0;0;0;0;0;0;0;0;0;0;0;0;0;0;0;0;0;0
KF.0419 Trunojoyo;ASURANSI JIWA INHEALTH IN-MANAGED CARE;CI4020250804621642;31/07/2025;DPP+PPN;180037;0;0;180037;217;180037;0;Past Due;Tertagih;PIHAK KETIGA;BUMN;0;0;0;0;0;0;0;0;0;0;0;0;0;0;0;0;0;0;0;0;0;0;0;0;0;0;0;0;0;0;0;0;0;0;0;0;0;0;0;0
KF.Sumenep;ASURANSI PERISAI LISTRIK NASIONAL-PLN UID JATIM FO JATIM;CI4020250804456639;31/07/2025;DPP+PPN;364999;0;0;364999;217;364999;0;Past Due;Tertagih;PIHAK KETIGA;BUMN;0;0;0;0;0;0;0;0;0;0;0;0;0;0;0;0;0;0;0;0;0;0;13689508;0;0;0;0;0;0;0;0;0;0;0;0;0;0;0;0;0
KF.KHM. KHOLIL BANGKALAN;BPJS KESEHATAN MADURA-PASIEN RUJUK BALIK;CI4020250804668768;31/07/2025;DPP+PPN;364754;0;364754;0;217;0;0;Past Due;Tidak Tertagih;PIHAK KETIGA;INSTANSI_PEMERINTAH;0;0;0;0;0;0;0;0;0;0;0;0;0;0;0;0;0;0;0;0;17308639;178276;0;0;0;364754;0;0;0;0;0;0;0;0;0;0;0;0;0;06/02/2026
KF.0274 PAMEKASAN;BPJS KESEHATAN MADURA-PASIEN RUJUK BALIK;CI4020250804311684;31/07/2025;DPP+PPN;853651;0;321905;531746;217;0;0;Past Due;Tidak Tertagih;PIHAK KETIGA;INSTANSI_PEMERINTAH;0;0;0;0;0;0;0;0;0;0;0;0;0;0;0;0;0;0;0;43699610;451626;0;0;0;321905;0;0;0;0;0;0;0;0;0;0;0;0;0;0;0
KF.0419 Trunojoyo;BRI LIFE INSURANCE-PEGADAIAN;CI4020250804963673;31/07/2025;DPP+PPN;83250;0;0;83250;217;83250;0;Past Due;Tertagih;PIHAK KETIGA;SWASTA;0;0;0;0;0;0;0;0;0;0;0;0;0;0;0;0;0;0;0;0;0;0;0;0;0;0;0;0;0;0;0;0;0;0;0;0;0;0;0;0
KF.Sumenep 2;KIMIA FARMA (PERSERO) TBK-PEMASARAN;CI4020250804090731;31/07/2025;DPP+PPN;327277;0;0;327277;217;0;0;Past Due;Tertagih;AFILIASI;AFILIASI KF HOLDING;0;0;0;0;0;0;0;0;0;0;0;0;0;0;0;0;0;0;0;0;0;0;0;0;0;0;0;0;0;0;0;0;0;0;0;0;0;0;0;0
KF.Sampang;KIMIA FARMA (PERSERO) TBK-PEMASARAN;CI4020250804861340;31/07/2025;DPP+PPN;1759859;0;0;1759859;217;0;0;Past Due;Tertagih;AFILIASI;AFILIASI KF HOLDING;0;0;0;0;0;0;0;0;0;0;0;0;0;0;0;0;0;0;0;0;0;0;0;0;0;0;0;0;0;0;0;0;0;0;0;0;0;0;0;0
KF.KHM. KHOLIL BANGKALAN;KIMIA FARMA (PERSERO) TBK-PEMASARAN;CI4020250804445305;31/07/2025;DPP+PPN;2098187;0;0;2098187;217;0;0;Past Due;Tertagih;AFILIASI;AFILIASI KF HOLDING;0;0;0;0;0;0;0;0;0;0;0;0;0;0;0;0;0;0;0;0;0;0;0;0;0;0;0;0;0;0;0;0;0;0;0;0;0;0;0;0
KF.0274 PAMEKASAN;KIMIA FARMA (PERSERO) TBK-PEMASARAN;CI4020250804207327;31/07/2025;DPP+PPN;2132897;0;0;2132897;217;0;0;Past Due;Tertagih;AFILIASI;AFILIASI KF HOLDING;0;0;0;0;0;0;0;0;0;0;0;0;0;0;0;0;0;0;0;0;0;0;0;0;0;0;0;0;0;0;0;0;0;0;0;0;0;0;0;0
KF.0163;KIMIA FARMA (PERSERO) TBK-PEMASARAN;CI4020250804242270;31/07/2025;DPP+PPN;2260990;0;0;2260990;217;0;0;Past Due;Tertagih;AFILIASI;AFILIASI KF HOLDING;0;0;0;0;0;0;0;0;0;0;0;0;0;0;0;0;0;0;0;0;0;0;0;0;0;0;0;0;0;0;0;0;0;0;0;0;0;0;0;0
KF.0419 Trunojoyo;KIMIA FARMA (PERSERO) TBK-PEMASARAN;CI4020250804815527;31/07/2025;DPP+PPN;2377074;0;0;2377074;217;0;0;Past Due;Tertagih;AFILIASI;AFILIASI KF HOLDING;0;0;0;0;0;0;0;0;0;0;0;0;0;0;0;0;0;0;0;0;0;0;0;0;0;0;0;0;0;0;0;0;0;0;0;0;0;0;0;0
KF.Sumenep;KIMIA FARMA (PERSERO) TBK-PEMASARAN;CI4020250804979472;31/07/2025;DPP+PPN;2677645;0;0;2677645;217;0;0;Past Due;Tertagih;AFILIASI;AFILIASI KF HOLDING;0;0;0;0;0;0;0;0;0;0;0;0;0;0;0;0;0;0;0;0;0;0;0;0;0;0;0;0;0;0;0;0;0;0;0;0;0;0;0;0
KF.0419 Trunojoyo;NAYAKA ERA HUSADA-DEFAULT;CI4020250804665266;31/07/2025;DPP+PPN;129035;0;0;129035;217;129035;0;Past Due;Tertagih;PIHAK KETIGA;SWASTA;0;0;0;0;0;0;0;0;0;0;0;0;0;0;0;0;0;0;0;0;0;0;0;0;0;0;0;0;0;0;0;0;0;0;0;0;0;0;0;0
KF.0419 Trunojoyo;PT PGAS Telekomunikasi Nusantara-DEFAULT;CI4020250804902351;31/07/2025;DPP+PPN;36768;0;0;36768;217;36768;0;Past Due;Tertagih;PIHAK KETIGA;SWASTA;0;0;0;0;0;0;0;0;0;0;0;0;0;0;0;0;0;0;0;0;0;0;0;0;0;0;0;0;0;0;0;0;0;0;0;0;0;0;0;0
KF.0419 Trunojoyo;ASURANSI JIWA INHEALTH IN-MANAGED CARE;CI4020250902232049;31/08/2025;DPP+PPN;111859;0;0;111859;186;111859;0;Past Due;Tertagih;PIHAK KETIGA;BUMN;0;0;0;0;0;0;0;0;0;0;0;0;0;0;0;0;0;0;0;0;0;0;0;0;0;0;0;0;0;0;0;0;0;0;0;0;0;0;0;0
KF.Sumenep;ASURANSI PERISAI LISTRIK NASIONAL-PLN UID JATIM FO JATIM;CI4020250902266109;31/08/2025;DPP+PPN;3421122;0;0;3421122;186;3421122;0;Past Due;Tertagih;PIHAK KETIGA;BUMN;0;0;0;0;0;0;0;0;0;0;0;0;0;0;0;0;0;0;0;0;0;0;21029303;560869;0;0;0;0;0;0;0;0;0;0;0;0;0;0;0;0
KF.Sumenep;BPJS KESEHATAN MADURA-PASIEN RUJUK BALIK;CI4020250902688865;31/08/2025;DPP+PPN;3856209;0;703565;3152644;186;0;0;Past Due;Tidak Tertagih;PIHAK KETIGA;INSTANSI_PEMERINTAH;0;0;0;0;0;0;0;0;0;0;0;0;0;0;0;0;0;0;0;0;65272774;0;763303;0;0;703565;0;0;0;0;0;0;0;0;0;0;0;0;0;23/02/2026
KF.0419 Trunojoyo;BRI LIFE INSURANCE-PEGADAIAN;CI4020250902367480;31/08/2025;DPP+PPN;678411;0;0;678411;186;678411;0;Past Due;Tertagih;PIHAK KETIGA;SWASTA;0;0;0;0;0;0;0;0;0;0;0;0;0;0;0;0;0;0;0;0;0;0;0;0;0;0;0;0;0;0;0;0;0;0;0;0;0;0;0;0
KF.0419 Trunojoyo;BRI LIFE INSURANCE-PT. PUPUK INDONESIA (PERSERO);CI4020250902014950;31/08/2025;DPP+PPN;415620;0;0;415620;186;415620;0;Past Due;Tertagih;PIHAK KETIGA;SWASTA;0;0;0;0;0;0;0;0;0;0;0;0;0;0;0;0;0;0;0;0;0;0;0;0;0;0;0;0;0;0;0;0;0;0;0;0;0;0;0;0
KF.0419 Trunojoyo;NAYAKA ERA HUSADA-DEFAULT;CI4020250902154097;31/08/2025;DPP+PPN;220356;0;0;220356;186;220356;0;Past Due;Tertagih;PIHAK KETIGA;SWASTA;0;0;0;0;0;0;0;0;0;0;0;0;0;0;0;0;0;0;0;0;0;0;0;0;0;0;0;0;0;0;0;0;0;0;0;0;0;0;0;0
KF.0274 PAMEKASAN;ASURANSI PERISAI LISTRIK NASIONAL-PLN UID JATIM FO JATIM;CI4020251002277094;30/09/2025;DPP+PPN;4399585;0;4399585;0;156;0;0;Past Due;Tidak Tertagih;PIHAK KETIGA;BUMN;0;0;0;0;0;0;0;0;0;0;0;0;0;0;0;0;0;0;0;0;0;0;0;0;0;4399585;0;0;0;0;0;0;0;0;0;0;0;0;0;10/02/2026
KF.0419 Trunojoyo;ASURANSI PERISAI LISTRIK NASIONAL-PLN UID JATIM FO JATIM;CI4020251002325941;30/09/2025;DPP+PPN;5833497;0;5833497;0;156;0;0;Past Due;Tidak Tertagih;PIHAK KETIGA;BUMN;0;0;0;0;0;0;0;0;0;0;0;0;0;0;0;0;0;0;0;0;0;0;0;0;0;5833497;0;0;0;0;0;0;0;0;0;0;0;0;0;10/02/2026
KF.Sumenep;ASURANSI PERISAI LISTRIK NASIONAL-PLN UID JATIM FO JATIM;CI4020251002229572;30/09/2025;DPP+PPN;14607172;0;14607172;0;156;0;0;Past Due;Tidak Tertagih;PIHAK KETIGA;BUMN;0;0;0;0;0;0;0;0;0;0;0;0;0;0;0;0;0;0;0;0;0;0;0;0;0;14607172;0;0;0;0;0;0;0;0;0;0;0;0;0;10/02/2026
KF.KHM. KHOLIL BANGKALAN;BPJS KESEHATAN MADURA-PASIEN RUJUK BALIK;CI4020251002331884;30/09/2025;DPP+PPN;756203;0;756203;0;156;0;0;Past Due;Tidak Tertagih;PIHAK KETIGA;INSTANSI_PEMERINTAH;0;0;0;0;0;0;0;0;0;0;0;0;0;0;0;0;0;0;0;0;0;0;16296152;0;0;756203;0;0;0;0;0;0;0;0;0;0;0;0;0;06/02/2026
KF.0419 Trunojoyo;BRI LIFE INSURANCE-PEGADAIAN;CI4020251002196603;30/09/2025;DPP+PPN;131465;0;0;131465;156;131465;0;Past Due;Tertagih;PIHAK KETIGA;SWASTA;0;0;0;0;0;0;0;0;0;0;0;0;0;0;0;0;0;0;0;0;0;0;0;0;0;0;0;0;0;0;0;0;0;0;0;0;0;0;0;0
KF.0419 Trunojoyo;NAYAKA ERA HUSADA-DEFAULT;CI4020251002273769;30/09/2025;DPP+PPN;187751;0;0;187751;156;187751;0;Past Due;Tertagih;PIHAK KETIGA;SWASTA;0;0;0;0;0;0;0;0;0;0;0;0;0;0;0;0;0;0;0;0;0;0;0;0;0;0;0;0;0;0;0;0;0;0;0;0;0;0;0;0
KF.0419 Trunojoyo;ASURANSI JIWA INHEALTH IN-MANAGED CARE;CI4020251103970648;31/10/2025;DPP+PPN;15090;0;15090;0;125;0;0;Past Due;Tidak Tertagih;PIHAK KETIGA;BUMN;0;0;0;0;0;0;0;0;0;0;0;0;0;0;0;0;0;0;0;0;0;0;0;0;15090;0;0;0;0;0;0;0;0;0;0;0;0;0;0;0
KF.Sampang;ASURANSI JIWA INHEALTH IN-MANAGED CARE;CI4020251103077245;31/10/2025;DPP+PPN;25200;0;25200;0;125;0;0;Past Due;Tidak Tertagih;PIHAK KETIGA;BUMN;0;0;0;0;0;0;0;0;0;0;0;0;0;0;0;0;0;0;0;0;0;0;0;0;25200;0;0;0;0;0;0;0;0;0;0;0;0;0;0;0
KF.Sumenep;ASURANSI JIWA INHEALTH IN-MANAGED CARE;CI4020251103949230;31/10/2025;DPP+PPN;287290;0;168998;118292;125;118292;0;Past Due;Tertagih;PIHAK KETIGA;BUMN;0;0;0;0;0;0;0;0;0;0;0;0;0;0;0;0;0;0;0;0;0;0;0;0;168998;0;0;0;0;0;0;0;0;0;0;0;0;0;0;0
KF.0163;BON KARYAWAN KFA-BON KARYAWAN KFA MADURA;CI4020251103431498;31/10/2025;DPP+PPN;89842;0;0;89842;125;89842;0;Past Due;Tertagih;PIHAK KETIGA;SWASTA;0;0;0;0;0;0;0;0;0;0;0;0;0;0;0;0;0;0;0;0;0;0;0;229800;0;0;0;0;0;0;0;0;0;0;0;0;0;0;0;0
KF.KHM. KHOLIL BANGKALAN;BPJS KESEHATAN MADURA-PASIEN RUJUK BALIK;CI4020251103779863;31/10/2025;DPP+PPN;351385;0;351385;0;125;0;0;Past Due;Tidak Tertagih;PIHAK KETIGA;INSTANSI_PEMERINTAH;0;0;0;0;0;0;0;0;0;0;0;0;0;0;0;0;0;0;0;0;0;0;20399021;0;0;351385;0;0;0;0;0;0;0;0;0;0;0;0;0;06/02/2026
KF.Sumenep;BPJS KESEHATAN MADURA-PASIEN RUJUK BALIK;CI4020251103020310;31/10/2025;DPP+PPN;3308626;0;3308626;0;125;0;0;Past Due;Tidak Tertagih;PIHAK KETIGA;INSTANSI_PEMERINTAH;0;0;0;0;0;0;0;0;0;0;0;0;0;0;0;0;0;0;0;0;0;0;83344661;0;200711;3107915;0;0;0;0;0;0;0;0;0;0;0;0;0;23/02/2026
KF.0419 Trunojoyo;BRI LIFE INSURANCE-PT. PUPUK INDONESIA (PERSERO);CI4020251103671504;31/10/2025;DPP+PPN;352985;0;0;352985;125;352985;0;Past Due;Tertagih;PIHAK KETIGA;SWASTA;0;0;0;0;0;0;0;0;0;0;0;0;0;0;0;0;0;0;0;0;0;0;0;0;0;0;0;0;0;0;0;0;0;0;0;0;0;0;0;0
KF.Sampang;KIMIA FARMA (PERSERO) TBK-PEMASARAN;CI4020251103679156;31/10/2025;DPP+PPN;68049;0;0;68049;125;0;0;Past Due;Tertagih;AFILIASI;AFILIASI KF HOLDING;0;0;0;0;0;0;0;0;0;0;0;0;0;0;0;0;0;0;0;0;0;0;0;0;0;0;0;0;0;0;0;0;0;0;0;0;0;0;0;0
KF.Sumenep 2;KIMIA FARMA (PERSERO) TBK-PEMASARAN;CI4020251103176295;31/10/2025;DPP+PPN;122610;0;0;122610;125;0;0;Past Due;Tertagih;AFILIASI;AFILIASI KF HOLDING;0;0;0;0;0;0;0;0;0;0;0;0;0;0;0;0;0;0;0;0;0;0;0;0;0;0;0;0;0;0;0;0;0;0;0;0;0;0;0;0
KF.KHM. KHOLIL BANGKALAN;KIMIA FARMA (PERSERO) TBK-PEMASARAN;CI4020251103305328;31/10/2025;DPP+PPN;204350;0;0;204350;125;0;0;Past Due;Tertagih;AFILIASI;AFILIASI KF HOLDING;0;0;0;0;0;0;0;0;0;0;0;0;0;0;0;0;0;0;0;0;0;0;0;0;0;0;0;0;0;0;0;0;0;0;0;0;0;0;0;0
KF.Sumenep;KIMIA FARMA (PERSERO) TBK-PEMASARAN;CI4020251103390762;31/10/2025;DPP+PPN;224785;0;0;224785;125;0;0;Past Due;Tertagih;AFILIASI;AFILIASI KF HOLDING;0;0;0;0;0;0;0;0;0;0;0;0;0;0;0;0;0;0;0;0;0;0;0;0;0;0;0;0;0;0;0;0;0;0;0;0;0;0;0;0
KF.0274 PAMEKASAN;KIMIA FARMA (PERSERO) TBK-PEMASARAN;CI4020251103403201;31/10/2025;DPP+PPN;326960;0;0;326960;125;0;0;Past Due;Tertagih;AFILIASI;AFILIASI KF HOLDING;0;0;0;0;0;0;0;0;0;0;0;0;0;0;0;0;0;0;0;0;0;0;0;0;0;0;0;0;0;0;0;0;0;0;0;0;0;0;0;0
KF.0163;KIMIA FARMA (PERSERO) TBK-PEMASARAN;CI4020251103204391;31/10/2025;DPP+PPN;367830;0;0;367830;125;0;0;Past Due;Tertagih;AFILIASI;AFILIASI KF HOLDING;0;0;0;0;0;0;0;0;0;0;0;0;0;0;0;0;0;0;0;0;0;0;0;0;0;0;0;0;0;0;0;0;0;0;0;0;0;0;0;0
KF.0419 Trunojoyo;NAYAKA ERA HUSADA-DEFAULT;CI4020251103111524;31/10/2025;DPP+PPN;68205;0;0;68205;125;68205;0;Past Due;Tertagih;PIHAK KETIGA;SWASTA;0;0;0;0;0;0;0;0;0;0;0;0;0;0;0;0;0;0;0;0;0;0;0;0;0;0;0;0;0;0;0;0;0;0;0;0;0;0;0;0
KF.0419 Trunojoyo;PLN Unit Induk Distribusi Jawa Timu-PLN UID JATIM 110;CI4020251103269293;31/10/2025;DPP+PPN;4537131;0;4537131;0;125;0;0;Past Due;Tidak Tertagih;PIHAK KETIGA;BUMN;0;0;0;0;0;0;0;0;0;0;0;0;0;0;0;0;0;0;0;0;0;0;0;0;0;4537131;0;0;0;0;0;0;0;0;0;0;0;0;0;13/02/2026
KF.0274 PAMEKASAN;PLN Unit Induk Distribusi Jawa Timu-PLN UID JATIM 110;CI4020251103343249;31/10/2025;DPP+PPN;4976698;0;0;4976698;125;4976698;0;Past Due;Tertagih;PIHAK KETIGA;BUMN;0;0;0;0;0;0;0;0;0;0;0;0;0;0;0;0;0;0;0;0;0;0;0;0;0;0;0;0;0;0;0;0;0;0;0;0;0;0;0;0
KF.Sumenep;PLN Unit Induk Distribusi Jawa Timu-PLN UID JATIM 110;CI4020251103518844;31/10/2025;DPP+PPN;18620327;0;17005350;1614977;125;1614977;0;Past Due;Tertagih;PIHAK KETIGA;BUMN;0;0;0;0;0;0;0;0;0;0;0;0;0;0;0;0;0;0;0;0;0;0;0;0;0;17005350;0;0;0;0;0;0;0;0;0;0;0;0;0;27/02/2026
KF.Sumenep;PLN Unit Induk Transmisi Jatim & Ba-PLN UIT JBTB 120;CI4020251103884723;31/10/2025;DPP+PPN;232479;0;232479;0;125;0;0;Past Due;Tidak Tertagih;PIHAK KETIGA;BUMN;0;0;0;0;0;0;0;0;0;0;0;0;0;0;0;0;0;0;0;0;0;0;0;0;0;232479;0;0;0;0;0;0;0;0;0;0;0;0;0;13/02/2026
KF.0274 PAMEKASAN;PLN Unit Induk Transmisi Jatim & Ba-PLN UIT JBTB 120;CI4020251103378583;31/10/2025;DPP+PPN;1135250;0;1135250;0;125;0;0;Past Due;Tidak Tertagih;PIHAK KETIGA;BUMN;0;0;0;0;0;0;0;0;0;0;0;0;0;0;0;0;0;0;0;0;0;0;0;0;0;1135250;0;0;0;0;0;0;0;0;0;0;0;0;0;13/02/2026
KF.0419 Trunojoyo;PLN Unit Induk Transmisi Jatim & Ba-PLN UIT JBTB 120;CI4020251103405224;31/10/2025;DPP+PPN;1164770;0;1164770;0;125;0;0;Past Due;Tidak Tertagih;PIHAK KETIGA;BUMN;0;0;0;0;0;0;0;0;0;0;0;0;0;0;0;0;0;0;0;0;0;0;0;0;0;1164770;0;0;0;0;0;0;0;0;0;0;0;0;0;13/02/2026
KF.Sumenep;PLN Unit Induk Wilayah Papua Papua-PLN UIW P2B 135;CI4020251103812310;31/10/2025;DPP+PPN;759907;0;759907;0;125;0;0;Past Due;Tidak Tertagih;PIHAK KETIGA;BUMN;0;0;0;0;0;0;0;0;0;0;0;0;0;0;0;0;0;0;0;0;0;0;0;0;0;759907;0;0;0;0;0;0;0;0;0;0;0;0;0;13/02/2026
KF.0419 Trunojoyo;ADMEDIKA PAYOR PT-BNI LIFE INSURANCE;CI4020251202854984;30/11/2025;DPP+PPN;25240;0;0;25240;95;25240;0;Past Due;Tertagih;PIHAK KETIGA;SWASTA;0;0;0;0;0;0;0;0;0;0;0;0;0;0;0;0;0;0;0;0;0;0;0;0;0;0;0;0;0;0;0;0;0;0;0;0;0;0;0;0
KF.0419 Trunojoyo;ASURANSI JIWA INHEALTH IN-MANAGED CARE;CI4020251202187936;30/11/2025;DPP+PPN;94982;0;81015;13967;95;13967;0;Past Due;Tertagih;PIHAK KETIGA;BUMN;0;0;0;0;0;0;0;0;0;0;0;0;0;0;0;0;0;0;0;0;0;0;0;0;81015;0;0;0;0;0;0;0;0;0;0;0;0;0;0;0
KF.Sumenep;ASURANSI JIWA INHEALTH IN-MANAGED CARE;CI4020251202578455;30/11/2025;DPP+PPN;150226;0;0;150226;95;150226;0;Past Due;Tertagih;PIHAK KETIGA;BUMN;0;0;0;0;0;0;0;0;0;0;0;0;0;0;0;0;0;0;0;0;0;0;0;0;0;0;0;0;0;0;0;0;0;0;0;0;0;0;0;0
KF.KHM. KHOLIL BANGKALAN;BPJS KESEHATAN MADURA-PASIEN RUJUK BALIK;CI4020251202743775;30/11/2025;DPP+PPN;19301694;0;19301694;0;95;0;0;Past Due;Tidak Tertagih;PIHAK KETIGA;INSTANSI_PEMERINTAH;0;0;0;0;0;0;0;0;0;0;0;0;0;0;0;0;0;0;0;0;0;0;0;0;19003839;297855;0;0;0;0;0;0;0;0;0;0;0;0;0;06/02/2026
KF.0274 PAMEKASAN;BPJS KESEHATAN MADURA-PASIEN RUJUK BALIK;CI4020251202235750;30/11/2025;DPP+PPN;47571768;0;47571768;0;95;0;0;Past Due;Tidak Tertagih;PIHAK KETIGA;INSTANSI_PEMERINTAH;0;0;0;0;0;0;0;0;0;0;0;0;0;0;0;0;0;0;0;0;0;0;0;535100;47571768;0;0;0;0;0;0;0;0;0;0;0;0;0;0;0
KF.Sumenep;BPJS KESEHATAN MADURA-PASIEN RUJUK BALIK;CI4020251202256553;30/11/2025;DPP+PPN;85944768;0;85944768;0;95;0;0;Past Due;Tidak Tertagih;PIHAK KETIGA;INSTANSI_PEMERINTAH;0;0;0;0;0;0;0;0;0;0;0;0;0;0;0;0;0;0;0;0;0;0;0;0;85944768;0;0;0;0;0;0;0;0;0;0;0;0;0;0;0
KF.0419 Trunojoyo;BRI LIFE INSURANCE-PEGADAIAN;CI4020251202449051;30/11/2025;DPP+PPN;26204;0;0;26204;95;26204;0;Past Due;Tertagih;PIHAK KETIGA;SWASTA;0;0;0;0;0;0;0;0;0;0;0;0;0;0;0;0;0;0;0;0;0;0;0;0;0;0;0;0;0;0;0;0;0;0;0;0;0;0;0;0
KF.0163;KIMIA FARMA (PERSERO) TBK-PEMASARAN;CI4020251202483211;30/11/2025;DPP+PPN;298666;0;0;298666;95;0;0;Past Due;Tertagih;AFILIASI;AFILIASI KF HOLDING;0;0;0;0;0;0;0;0;0;0;0;0;0;0;0;0;0;0;0;0;0;0;0;0;0;0;0;0;0;0;0;0;0;0;0;0;0;0;0;0
KF.0419 Trunojoyo;NAYAKA ERA HUSADA-DEFAULT;CI4020251202338397;30/11/2025;DPP+PPN;265482;0;0;265482;95;265482;0;Past Due;Tertagih;PIHAK KETIGA;SWASTA;0;0;0;0;0;0;0;0;0;0;0;0;0;0;0;0;0;0;0;0;0;0;0;0;0;0;0;0;0;0;0;0;0;0;0;0;0;0;0;0
KF.0419 Trunojoyo;PLN Unit Induk Distribusi Jawa Timu-PLN UID JATIM 110;CI4020251202173000;30/11/2025;DPP+PPN;4421120;0;4421120;0;95;0;0;Past Due;Tidak Tertagih;PIHAK KETIGA;BUMN;0;0;0;0;0;0;0;0;0;0;0;0;0;0;0;0;0;0;0;0;0;0;0;0;0;4421120;0;0;0;0;0;0;0;0;0;0;0;0;0;13/02/2026
KF.0274 PAMEKASAN;PLN Unit Induk Distribusi Jawa Timu-PLN UID JATIM 110;CI4020251202728730;30/11/2025;DPP+PPN;4747581;0;4747581;0;95;0;0;Past Due;Tidak Tertagih;PIHAK KETIGA;BUMN;0;0;0;0;0;0;0;0;0;0;0;0;0;0;0;0;0;0;0;0;0;0;0;0;0;4747581;0;0;0;0;0;0;0;0;0;0;0;0;0;13/02/2026
KF.Sumenep;PLN Unit Induk Distribusi Jawa Timu-PLN UID JATIM 110;CI4020251202409737;30/11/2025;DPP+PPN;16662117;0;16662117;0;95;0;0;Past Due;Tidak Tertagih;PIHAK KETIGA;BUMN;0;0;0;0;0;0;0;0;0;0;0;0;0;0;0;0;0;0;0;0;0;0;0;0;0;16662117;0;0;0;0;0;0;0;0;0;0;0;0;0;13/02/2026
KF.Sumenep;PLN Unit Induk Transmisi Jatim & Ba-PLN UIT JBTB 120;CI4020251202453322;30/11/2025;DPP+PPN;643586;0;643586;0;95;0;0;Past Due;Tidak Tertagih;PIHAK KETIGA;BUMN;0;0;0;0;0;0;0;0;0;0;0;0;0;0;0;0;0;0;0;0;0;0;0;0;0;643586;0;0;0;0;0;0;0;0;0;0;0;0;0;13/02/2026
KF.0419 Trunojoyo;ADMEDIKA PAYOR-ANGKASA PURA INDONESIA, PT;MDR122025001;31/12/2025;DPP+PPN;584312;0;0;584312;64;584312;0;Current;Tertagih;PIHAK KETIGA;SWASTA;0;0;0;0;0;0;0;0;0;0;0;0;0;0;0;0;0;0;0;0;0;0;0;0;0;0;0;0;0;0;0;0;0;0;0;0;0;0;0;0
KF.0419 Trunojoyo;ASURANSI JIWA INHEALTH IN-MANAGED CARE;MDR122025002;31/12/2025;DPP+PPN;90800;0;0;90800;64;90800;0;Current;Tertagih;PIHAK KETIGA;BUMN;0;0;0;0;0;0;0;0;0;0;0;0;0;0;0;0;0;0;0;0;0;0;0;0;0;0;0;0;0;0;0;0;0;0;0;0;0;0;0;0
KF.Sumenep 2;BON KARYAWAN KFA-BON KARYAWAN KFA MADURA;MDR122025006;31/12/2025;DPP+PPN;276287;0;276287;0;64;0;0;Current;Tidak Tertagih;PIHAK KETIGA;SWASTA;0;0;0;0;0;0;0;0;0;0;0;0;0;0;0;0;0;0;0;0;0;0;0;0;276287;0;0;0;0;0;0;0;0;0;0;0;0;0;0;0
KF.0419 Trunojoyo;BON KARYAWAN KFA-BON KARYAWAN KFA MADURA;MDR122025004;31/12/2025;DPP+PPN;365056;0;365056;0;64;0;0;Current;Tidak Tertagih;PIHAK KETIGA;SWASTA;0;0;0;0;0;0;0;0;0;0;0;0;0;0;0;0;0;0;0;0;0;0;0;0;365056;0;0;0;0;0;0;0;0;0;0;0;0;0;0;0
KF.KHM. KHOLIL BANGKALAN;BON KARYAWAN KFA-BON KARYAWAN KFA MADURA;MDR122025005;31/12/2025;DPP+PPN;473926;0;473926;0;64;0;0;Current;Tidak Tertagih;PIHAK KETIGA;SWASTA;0;0;0;0;0;0;0;0;0;0;0;0;0;0;0;0;0;0;0;0;0;0;0;0;473926;0;0;0;0;0;0;0;0;0;0;0;0;0;0;0
KF.0163;BON KARYAWAN KFA-BON KARYAWAN KFA MADURA;MDR122025003;31/12/2025;DPP+PPN;621904;0;621904;0;64;0;0;Current;Tidak Tertagih;PIHAK KETIGA;SWASTA;0;0;0;0;0;0;0;0;0;0;0;0;0;0;0;0;0;0;0;0;0;0;0;0;621904;0;0;0;0;0;0;0;0;0;0;0;0;0;0;0
KF.Sumenep;BON KARYAWAN KFA-BON KARYAWAN KFA MADURA;MDR122025007;31/12/2025;DPP+PPN;2824844;0;2824844;0;64;0;0;Current;Tidak Tertagih;PIHAK KETIGA;SWASTA;0;0;0;0;0;0;0;0;0;0;0;0;0;0;0;0;0;0;0;0;0;0;0;0;2824844;0;0;0;0;0;0;0;0;0;0;0;0;0;0;0
KF.KHM. KHOLIL BANGKALAN;BPJS KESEHATAN MADURA-PASIEN RUJUK BALIK;MDR122025009;31/12/2025;DPP+PPN;17778114;0;17778114;0;64;0;0;Current;Tidak Tertagih;PIHAK KETIGA;INSTANSI_PEMERINTAH;0;0;0;0;0;0;0;0;0;0;0;0;0;0;0;0;0;0;0;0;0;0;0;0;0;17778114;0;0;0;0;0;0;0;0;0;0;0;0;0;06/02/2026
KF.Sampang;BPJS KESEHATAN MADURA-PASIEN RUJUK BALIK;MDR122025010;31/12/2025;DPP+PPN;42632220;0;42629380;2840;64;0;0;Current;Tidak Tertagih;PIHAK KETIGA;INSTANSI_PEMERINTAH;0;0;0;0;0;0;0;0;0;0;0;0;0;0;0;0;0;0;0;0;0;0;0;0;42629380;0;0;0;0;0;0;0;0;0;0;0;0;0;0;0
KF.0274 PAMEKASAN;BPJS KESEHATAN MADURA-PASIEN RUJUK BALIK;MDR122025008;31/12/2025;DPP+PPN;48744653;0;48494673;249980;64;0;0;Current;Tidak Tertagih;PIHAK KETIGA;INSTANSI_PEMERINTAH;0;0;0;0;0;0;0;0;0;0;0;0;0;0;0;0;0;0;0;0;0;0;0;0;48494673;0;0;0;0;0;0;0;0;0;0;0;0;0;0;0
KF.Sumenep;BPJS KESEHATAN MADURA-PASIEN RUJUK BALIK;MDR122025011;31/12/2025;DPP+PPN;89013059;0;89013059;0;64;0;0;Current;Tidak Tertagih;PIHAK KETIGA;INSTANSI_PEMERINTAH;0;0;0;0;0;0;0;0;0;0;0;0;0;0;0;0;0;0;0;0;0;0;0;0;88106626;906433;0;0;0;0;0;0;0;0;0;0;0;0;0;23/02/2026
KF.0419 Trunojoyo;BRI LIFE INSURANCE-PEGADAIAN;MDR122025012;31/12/2025;DPP+PPN;1277805;0;0;1277805;64;1277805;0;Current;Tertagih;PIHAK KETIGA;SWASTA;0;0;0;0;0;0;0;0;0;0;0;0;0;0;0;0;0;0;0;0;0;0;0;0;0;0;0;0;0;0;0;0;0;0;0;0;0;0;0;0
KF.0419 Trunojoyo;BRI LIFE INSURANCE-PT. PUPUK INDONESIA LOGISTIK;MDR122025013;31/12/2025;DPP+PPN;43701;0;0;43701;64;43701;0;Current;Tertagih;PIHAK KETIGA;SWASTA;0;0;0;0;0;0;0;0;0;0;0;0;0;0;0;0;0;0;0;0;0;0;0;0;0;0;0;0;0;0;0;0;0;0;0;0;0;0;0;0
KF.Sumenep 2;KIMIA FARMA (PERSERO) TBK-PEMASARAN;MDR122025019;31/12/2025;DPP+PPN;71255;0;0;71255;64;0;0;Current;Tertagih;AFILIASI;AFILIASI KF HOLDING;0;0;0;0;0;0;0;0;0;0;0;0;0;0;0;0;0;0;0;0;0;0;0;0;0;0;0;0;0;0;0;0;0;0;0;0;0;0;0;0
KF.0163;KIMIA FARMA (PERSERO) TBK-PEMASARAN;MDR122025014;31/12/2025;DPP+PPN;142512;0;0;142512;64;0;0;Current;Tertagih;AFILIASI;AFILIASI KF HOLDING;0;0;0;0;0;0;0;0;0;0;0;0;0;0;0;0;0;0;0;0;0;0;0;0;0;0;0;0;0;0;0;0;0;0;0;0;0;0;0;0
KF.Sumenep;KIMIA FARMA (PERSERO) TBK-PEMASARAN;MDR122025020;31/12/2025;DPP+PPN;142512;0;0;142512;64;0;0;Current;Tertagih;AFILIASI;AFILIASI KF HOLDING;0;0;0;0;0;0;0;0;0;0;0;0;0;0;0;0;0;0;0;0;0;0;0;0;0;0;0;0;0;0;0;0;0;0;0;0;0;0;0;0
KF.0274 PAMEKASAN;KIMIA FARMA (PERSERO) TBK-PEMASARAN;MDR122025015;31/12/2025;DPP+PPN;142513;0;0;142513;64;0;0;Current;Tertagih;AFILIASI;AFILIASI KF HOLDING;0;0;0;0;0;0;0;0;0;0;0;0;0;0;0;0;0;0;0;0;0;0;0;0;0;0;0;0;0;0;0;0;0;0;0;0;0;0;0;0
KF.0419 Trunojoyo;KIMIA FARMA (PERSERO) TBK-PEMASARAN;MDR122025016;31/12/2025;DPP+PPN;178141;0;0;178141;64;0;0;Current;Tertagih;AFILIASI;AFILIASI KF HOLDING;0;0;0;0;0;0;0;0;0;0;0;0;0;0;0;0;0;0;0;0;0;0;0;0;0;0;0;0;0;0;0;0;0;0;0;0;0;0;0;0
KF.KHM. KHOLIL BANGKALAN;KIMIA FARMA (PERSERO) TBK-PEMASARAN;MDR122025017;31/12/2025;DPP+PPN;213768;0;0;213768;64;0;0;Current;Tertagih;AFILIASI;AFILIASI KF HOLDING;0;0;0;0;0;0;0;0;0;0;0;0;0;0;0;0;0;0;0;0;0;0;0;0;0;0;0;0;0;0;0;0;0;0;0;0;0;0;0;0
KF.Sampang;KIMIA FARMA (PERSERO) TBK-PEMASARAN;MDR122025018;31/12/2025;DPP+PPN;213768;0;0;213768;64;0;0;Current;Tertagih;AFILIASI;AFILIASI KF HOLDING;0;0;0;0;0;0;0;0;0;0;0;0;0;0;0;0;0;0;0;0;0;0;0;0;0;0;0;0;0;0;0;0;0;0;0;0;0;0;0;0
KF.0419 Trunojoyo;NAYAKA ERA HUSADA-DEFAULT;MDR122025021;31/12/2025;DPP+PPN;182214;0;0;182214;64;182214;0;Current;Tertagih;PIHAK KETIGA;SWASTA;0;0;0;0;0;0;0;0;0;0;0;0;0;0;0;0;0;0;0;0;0;0;0;0;0;0;0;0;0;0;0;0;0;0;0;0;0;0;0;0
KF.0419 Trunojoyo;PLN Unit Induk Distribusi Jawa Timu-PLN UID JATIM 110;MDR122025023;31/12/2025;DPP+PPN;1328181;0;1328181;0;64;0;0;Current;Tidak Tertagih;PIHAK KETIGA;BUMN;0;0;0;0;0;0;0;0;0;0;0;0;0;0;0;0;0;0;0;0;0;0;0;0;0;1328181;0;0;0;0;0;0;0;0;0;0;0;0;0;13/02/2026
KF.0274 PAMEKASAN;PLN Unit Induk Distribusi Jawa Timu-PLN UID JATIM 110;MDR122025022;31/12/2025;DPP+PPN;9083577;0;9083577;0;64;0;0;Current;Tidak Tertagih;PIHAK KETIGA;BUMN;0;0;0;0;0;0;0;0;0;0;0;0;0;0;0;0;0;0;0;0;0;0;0;0;0;9083577;0;0;0;0;0;0;0;0;0;0;0;0;0;13/02/2026
KF.Sumenep;PLN Unit Induk Distribusi Jawa Timu-PLN UID JATIM 110;MDR122025024;31/12/2025;DPP+PPN;16900043;0;16436953;463090;64;463090;0;Current;Tertagih;PIHAK KETIGA;BUMN;0;0;0;0;0;0;0;0;0;0;0;0;0;0;0;0;0;0;0;0;0;0;0;0;0;16436953;0;0;0;0;0;0;0;0;0;0;0;0;0;27/02/2026
KF.0419 Trunojoyo;PLN Unit Induk Distribusi Jawa Timu-PLN UID JATIM PENSIUNAN;MDR122025025;31/12/2025;DPP+PPN;3816815;0;3816815;0;64;0;0;Current;Tidak Tertagih;PIHAK KETIGA;BUMN;0;0;0;0;0;0;0;0;0;0;0;0;0;0;0;0;0;0;0;0;0;0;0;0;0;3816815;0;0;0;0;0;0;0;0;0;0;0;0;0;13/02/2026
KF.Sumenep;PLN Unit Induk Distribusi Jawa Timu-PLN UID JATIM PENSIUNAN;MDR122025026;31/12/2025;DPP+PPN;7574349;0;6719277;855072;64;855072;0;Current;Tertagih;PIHAK KETIGA;BUMN;0;0;0;0;0;0;0;0;0;0;0;0;0;0;0;0;0;0;0;0;0;0;0;0;0;6719277;0;0;0;0;0;0;0;0;0;0;0;0;0;13/02/2026
KF.0419 Trunojoyo;PLN Unit Induk Transmisi Jatim & Ba-PLN UIT JBTB PENSIUNAN;MDR122025027;31/12/2025;DPP+PPN;239630;0;239630;0;64;0;0;Current;Tidak Tertagih;PIHAK KETIGA;BUMN;0;0;0;0;0;0;0;0;0;0;0;0;0;0;0;0;0;0;0;0;0;0;0;0;0;239630;0;0;0;0;0;0;0;0;0;0;0;0;0;13/02/2026
KF.0419 Trunojoyo;PT. KIMIA FARMA DIAGNOSTIKA-KAPITASI BPJS;MDR122025028;31/12/2025;DPP+PPN;9613940;0;9613940;0;64;0;0;Current;Tidak Tertagih;AFILIASI;AFILIASI KF DIAGNOSTIK;0;0;0;0;0;0;0;0;0;0;0;0;0;0;0;0;0;0;0;0;0;0;0;0;9613940;0;0;0;0;0;0;0;0;0;0;0;0;0;0;0
KF.0163;PT. KIMIA FARMA DIAGNOSTIKA-KFD VAKSIN;MDR122025029;31/12/2025;DPP+PPN;2729622;0;2729622;0;64;0;0;Current;Tidak Tertagih;AFILIASI;AFILIASI KF DIAGNOSTIK;0;0;0;0;0;0;0;0;0;0;0;0;0;0;0;0;0;0;0;0;0;0;0;0;2729622;0;0;0;0;0;0;0;0;0;0;0;0;0;0;0
KF.0419 Trunojoyo;PT. KIMIA FARMA DIAGNOSTIKA-KFD VAKSIN;MDR122025030;31/12/2025;DPP+PPN;25161186;0;25161186;0;64;0;0;Current;Tidak Tertagih;AFILIASI;AFILIASI KF DIAGNOSTIK;0;0;0;0;0;0;0;0;0;0;0;0;0;0;0;0;0;0;0;0;0;0;0;0;25161186;0;0;0;0;0;0;0;0;0;0;0;0;0;0;0
KF.0163;PT. KIMIA FARMA DIAGNOSTIKA-KFD VAKSIN NON REG;MDR122025031;31/12/2025;DPP+PPN;602564;0;602564;0;64;0;0;Current;Tidak Tertagih;AFILIASI;AFILIASI KF DIAGNOSTIK;0;0;0;0;0;0;0;0;0;0;0;0;0;0;0;0;0;0;0;0;0;0;0;0;602564;0;0;0;0;0;0;0;0;0;0;0;0;0;0;0
KF.0419 Trunojoyo;PT. KIMIA FARMA DIAGNOSTIKA-KFD VAKSIN NON REG;MDR122025032;31/12/2025;DPP+PPN;16381520;0;16381520;0;64;0;0;Current;Tidak Tertagih;AFILIASI;AFILIASI KF DIAGNOSTIK;0;0;0;0;0;0;0;0;0;0;0;0;0;0;0;0;0;0;0;0;0;0;0;0;16381520;0;0;0;0;0;0;0;0;0;0;0;0;0;0;0
KF.Sumenep;PT. KIMIA FARMA DIAGNOSTIKA-MANDIRI TASPEN;MDR122025033;31/12/2025;DPP+PPN;610980;0;610980;0;64;0;0;Current;Tidak Tertagih;AFILIASI;AFILIASI KF DIAGNOSTIK;0;0;0;0;0;0;0;0;0;0;0;0;0;0;0;0;0;0;0;0;0;0;0;0;610980;0;0;0;0;0;0;0;0;0;0;0;0;0;0;0
KF.0419 Trunojoyo;PT. KIMIA FARMA DIAGNOSTIKA-PAKET MEDIS;MDR122025034;31/12/2025;DPP+PPN;37492570;0;37492570;0;64;0;0;Current;Tidak Tertagih;AFILIASI;AFILIASI KF DIAGNOSTIK;0;0;0;0;0;0;0;0;0;0;0;0;0;0;0;0;0;0;0;0;0;0;0;0;37492570;0;0;0;0;0;0;0;0;0;0;0;0;0;0;0
KF.0163;BON KARYAWAN KFA-BON KARYAWAN KFA MADURA;CI4020260206174231;31/01/2026;DPP+PPN;0;65071;65071;0;33;0;0;Current;Tidak Tertagih;PIHAK KETIGA;SWASTA;0;0;0;0;0;0;0;0;0;0;0;0;0;0;0;0;0;0;0;0;0;0;0;0;0;65071;0;0;0;0;0;0;0;0;0;0;05/02/2026;0;0;25/02/2026
KF.0419 Trunojoyo;BON KARYAWAN KFA-BON KARYAWAN KFA MADURA;CI4020260206662350;31/01/2026;DPP+PPN;0;201633;201633;0;33;0;0;Current;Tidak Tertagih;PIHAK KETIGA;SWASTA;0;0;0;0;0;0;0;0;0;0;0;0;0;0;0;0;0;0;0;0;0;0;0;0;0;201633;0;0;0;0;0;0;0;0;0;0;05/02/2026;0;0;25/02/2026
KF.KHM. KHOLIL BANGKALAN;BON KARYAWAN KFA-BON KARYAWAN KFA MADURA;CI4020260206416029;31/01/2026;DPP+PPN;0;570047;570047;0;33;0;0;Current;Tidak Tertagih;PIHAK KETIGA;SWASTA;0;0;0;0;0;0;0;0;0;0;0;0;0;0;0;0;0;0;0;0;0;0;0;0;0;570047;0;0;0;0;0;0;0;0;0;0;05/02/2026;0;0;25/02/2026
KF.Sumenep;BON KARYAWAN KFA-BON KARYAWAN KFA MADURA;CI4020260206538109;31/01/2026;DPP+PPN;0;766526;766526;0;33;0;0;Current;Tidak Tertagih;PIHAK KETIGA;SWASTA;0;0;0;0;0;0;0;0;0;0;0;0;0;0;0;0;0;0;0;0;0;0;0;0;0;766526;0;0;0;0;0;0;0;0;0;0;05/02/2026;0;0;25/02/2026
KF.Sumenep 2;BON KARYAWAN KFA-BON KARYAWAN KFA MADURA;CI4020260206585398;31/01/2026;DPP+PPN;0;163778;163778;0;33;0;0;Current;Tidak Tertagih;PIHAK KETIGA;SWASTA;0;0;0;0;0;0;0;0;0;0;0;0;0;0;0;0;0;0;0;0;0;0;0;0;0;163778;0;0;0;0;0;0;0;0;0;0;05/02/2026;0;0;25/02/2026
KF.0274 PAMEKASAN;BPJS KESEHATAN MADURA-PASIEN RUJUK BALIK;CI4020260206799403;31/01/2026;DPP+PPN;0;50383622;0;50383622;33;50383622;51548268;Current;Tertagih;PIHAK KETIGA;INSTANSI_PEMERINTAH;0;0;0;0;0;0;0;0;0;0;0;0;0;0;0;0;0;0;0;0;0;0;0;0;0;0;0;0;0;0;0;0;0;0;0;0;09/02/2026;22/02/2026;22/02/2026;04/03/2026
KF.KHM. KHOLIL BANGKALAN;BPJS KESEHATAN MADURA-PASIEN RUJUK BALIK;CI4020260206784579;31/01/2026;DPP+PPN;0;16543926;16543926;0;33;0;0;Current;Tidak Tertagih;PIHAK KETIGA;INSTANSI_PEMERINTAH;0;0;0;0;0;0;0;0;0;0;0;0;0;0;0;0;0;0;0;0;0;0;0;0;0;16543926;0;0;0;0;0;0;0;0;0;0;04/02/2026;12/02/2026;12/02/2026;23/02/2026
KF.Sampang;BPJS KESEHATAN MADURA-PASIEN RUJUK BALIK;CI4020260206699363;31/01/2026;DPP+PPN;0;37725198;525987;37199211;33;37199211;37334055;Current;Tertagih;PIHAK KETIGA;INSTANSI_PEMERINTAH;0;0;0;0;0;0;0;0;0;0;0;0;0;0;0;0;0;0;0;0;0;0;0;0;525987;0;0;0;0;0;0;0;0;0;0;0;09/02/2026;22/02/2026;22/02/2026;04/03/2026
KF.Sumenep;BPJS KESEHATAN MADURA-PASIEN RUJUK BALIK;CI4020260206644771;31/01/2026;DPP+PPN;0;91799630;91799630;0;33;0;0;Current;Tidak Tertagih;PIHAK KETIGA;INSTANSI_PEMERINTAH;0;0;0;0;0;0;0;0;0;0;0;0;0;0;0;0;0;0;0;0;0;0;0;0;0;91799630;0;0;0;0;0;0;0;0;0;0;04/02/2026;12/02/2026;12/02/2026;23/02/2026
KF.0419 Trunojoyo;BRI LIFE INSURANCE-PEGADAIAN;CI4020260206363352;31/01/2026;DPP+PPN;0;953240;0;953240;33;953240;0;Current;Tertagih;PIHAK KETIGA;SWASTA;0;0;0;0;0;0;0;0;0;0;0;0;0;0;0;0;0;0;0;0;0;0;0;0;0;0;0;0;0;0;0;0;0;0;0;0;05/02/2026;0;0;0
KF.0419 Trunojoyo;NAYAKA ERA HUSADA-DEFAULT;CI4020260206520843;31/01/2026;DPP+PPN;0;451655;0;451655;33;451655;0;Current;Tertagih;PIHAK KETIGA;SWASTA;0;0;0;0;0;0;0;0;0;0;0;0;0;0;0;0;0;0;0;0;0;0;0;0;0;0;0;0;0;0;0;0;0;0;0;0;09/02/2026;0;0;0
KF.0274 PAMEKASAN;PLN Unit Induk Distribusi Jawa Timu-PLN UID JATIM 110;CI4020260206162686;31/01/2026;DPP+PPN;0;6475949;0;6475949;33;0;0;Current;Tertagih;PIHAK KETIGA;BUMN;0;0;0;0;0;0;0;0;0;0;0;0;0;0;0;0;0;0;0;0;0;0;0;0;0;0;0;0;0;0;0;0;0;0;0;0;09/02/2026;11/02/2026;13/02/2026;0
KF.0419 Trunojoyo;PLN Unit Induk Distribusi Jawa Timu-PLN UID JATIM 110;CI4020260206696145;31/01/2026;DPP+PPN;0;3717290;0;3717290;33;0;0;Current;Tertagih;PIHAK KETIGA;BUMN;0;0;0;0;0;0;0;0;0;0;0;0;0;0;0;0;0;0;0;0;0;0;0;0;0;0;0;0;0;0;0;0;0;0;0;0;09/02/2026;11/02/2026;13/02/2026;0
KF.0274 PAMEKASAN;PLN Unit Induk Distribusi Jawa Timu-PLN UID JATIM PENSIUNAN;CI4020260206735813;31/01/2026;DPP+PPN;0;2144697;0;2144697;33;0;0;Current;Tertagih;PIHAK KETIGA;BUMN;0;0;0;0;0;0;0;0;0;0;0;0;0;0;0;0;0;0;0;0;0;0;0;0;0;0;0;0;0;0;0;0;0;0;0;0;09/02/2026;11/02/2026;13/02/2026;0
KF.0419 Trunojoyo;PLN Unit Induk Distribusi Jawa Timu-PLN UID JATIM PENSIUNAN;CI4020260206085868;31/01/2026;DPP+PPN;0;391350;0;391350;33;0;0;Current;Tertagih;PIHAK KETIGA;BUMN;0;0;0;0;0;0;0;0;0;0;0;0;0;0;0;0;0;0;0;0;0;0;0;0;0;0;0;0;0;0;0;0;0;0;0;0;09/02/2026;11/02/2026;13/02/2026;0
KF.Sumenep;PLN Unit Induk Distribusi Jawa Timu-PLN UID JATIM PENSIUNAN;CI4020260206892142;31/01/2026;DPP+PPN;0;18617826;0;18617826;33;0;0;Current;Tertagih;PIHAK KETIGA;BUMN;0;0;0;0;0;0;0;0;0;0;0;0;0;0;0;0;0;0;0;0;0;0;0;0;0;0;0;0;0;0;0;0;0;0;0;0;09/02/2026;11/02/2026;13/02/2026;0
KF.0274 PAMEKASAN;PLN Unit Induk Transmisi Jatim & Ba-PLN UIT JBTB 120;CI4020260206184628;31/01/2026;DPP+PPN;0;2132640;0;2132640;33;0;0;Current;Tertagih;PIHAK KETIGA;BUMN;0;0;0;0;0;0;0;0;0;0;0;0;0;0;0;0;0;0;0;0;0;0;0;0;0;0;0;0;0;0;0;0;0;0;0;0;09/02/2026;11/02/2026;13/02/2026;0
KF.Sumenep;PLN Unit Induk Transmisi Jatim & Ba-PLN UIT JBTB 120;CI4020260206302609;31/01/2026;DPP+PPN;0;490546;0;490546;33;0;0;Current;Tertagih;PIHAK KETIGA;BUMN;0;0;0;0;0;0;0;0;0;0;0;0;0;0;0;0;0;0;0;0;0;0;0;0;0;0;0;0;0;0;0;0;0;0;0;0;09/02/2026;11/02/2026;13/02/2026;0
KF.0419 Trunojoyo;PT. KIMIA FARMA DIAGNOSTIKA-KAPITASI BPJS;CI4020260206620242;31/01/2026;DPP+PPN;0;8686368;8686368;0;33;0;0;Current;Tidak Tertagih;AFILIASI;AFILIASI KF DIAGNOSTIK;0;0;0;0;0;0;0;0;0;0;0;0;0;0;0;0;0;0;0;0;0;0;0;0;0;8686368;0;0;0;0;0;0;0;0;0;0;09/02/2026;0;0;27/02/2026
KF.0163;PT. KIMIA FARMA DIAGNOSTIKA-KFD VAKSIN;CI4020260206971203;31/01/2026;DPP+PPN;0;1169838;1169838;0;33;0;0;Current;Tidak Tertagih;AFILIASI;AFILIASI KF DIAGNOSTIK;0;0;0;0;0;0;0;0;0;0;0;0;0;0;0;0;0;0;0;0;0;0;0;0;0;1169838;0;0;0;0;0;0;0;0;0;0;09/02/2026;0;0;27/02/2026
KF.0419 Trunojoyo;PT. KIMIA FARMA DIAGNOSTIKA-KFD VAKSIN;CI4020260206807184;31/01/2026;DPP+PPN;0;22206687;22206687;0;33;0;0;Current;Tidak Tertagih;AFILIASI;AFILIASI KF DIAGNOSTIK;0;0;0;0;0;0;0;0;0;0;0;0;0;0;0;0;0;0;0;0;0;0;0;0;0;22206687;0;0;0;0;0;0;0;0;0;0;09/02/2026;0;0;27/02/2026
KF.0419 Trunojoyo;PT. KIMIA FARMA DIAGNOSTIKA-KFD VAKSIN NON REG;CI4020260206574083;31/01/2026;DPP+PPN;0;43041735;43041735;0;33;0;0;Current;Tidak Tertagih;AFILIASI;AFILIASI KF DIAGNOSTIK;0;0;0;0;0;0;0;0;0;0;0;0;0;0;0;0;0;0;0;0;0;0;0;0;0;43041735;0;0;0;0;0;0;0;0;0;0;09/02/2026;0;0;27/02/2026
KF.0163;PT. KIMIA FARMA DIAGNOSTIKA-PAKET MEDIS;CI4020260206052963;31/01/2026;DPP+PPN;0;3273074;3273074;0;33;0;0;Current;Tidak Tertagih;AFILIASI;AFILIASI KF DIAGNOSTIK;0;0;0;0;0;0;0;0;0;0;0;0;0;0;0;0;0;0;0;0;0;0;0;0;0;3273074;0;0;0;0;0;0;0;0;0;0;09/02/2026;0;0;27/02/2026
KF.0419 Trunojoyo;PT. KIMIA FARMA DIAGNOSTIKA-PAKET MEDIS;CI4020260206973055;31/01/2026;DPP+PPN;0;44970099;44970100;-1;33;0;0;Current;Tidak Tertagih;AFILIASI;AFILIASI KF DIAGNOSTIK;0;0;0;0;0;0;0;0;0;0;0;0;0;0;0;0;0;0;0;0;0;0;0;0;0;44970100;0;0;0;0;0;0;0;0;0;0;09/02/2026;0;0;27/02/2026
KF.0419 Trunojoyo;ASURANSI JIWA INHEALTH IN-MANAGED CARE;CI4020260304181930;28/02/2026;DPP;0;147464;0;147464;5;0;0;Current;Tertagih;PIHAK KETIGA;BUMN;0;0;0;0;0;0;0;0;0;0;0;0;0;0;0;0;0;0;0;0;0;0;0;0;0;0;0;0;0;0;0;0;0;0;0;0;0;0;0;0
KF Pamekasan 2;BON KARYAWAN KFA-BON KARYAWAN KFA MADURA;CI4020260304280309;28/02/2026;DPP;0;447041;0;447041;5;447041;0;Current;Tertagih;PIHAK KETIGA;SWASTA;0;0;0;0;0;0;0;0;0;0;0;0;0;0;0;0;0;0;0;0;0;0;0;0;0;0;0;0;0;0;0;0;0;0;0;0;03/03/2026;0;0;0
KF.0163;BON KARYAWAN KFA-BON KARYAWAN KFA MADURA;CI4020260304134155;28/02/2026;DPP;0;133375;0;133375;5;133375;0;Current;Tertagih;PIHAK KETIGA;SWASTA;0;0;0;0;0;0;0;0;0;0;0;0;0;0;0;0;0;0;0;0;0;0;0;0;0;0;0;0;0;0;0;0;0;0;0;0;03/03/2026;0;0;0
KF.0419 Trunojoyo;BON KARYAWAN KFA-BON KARYAWAN KFA MADURA;CI4020260304550916;28/02/2026;DPP;0;144760;0;144760;5;144760;0;Current;Tertagih;PIHAK KETIGA;SWASTA;0;0;0;0;0;0;0;0;0;0;0;0;0;0;0;0;0;0;0;0;0;0;0;0;0;0;0;0;0;0;0;0;0;0;0;0;03/03/2026;0;0;0
KF.KHM. KHOLIL BANGKALAN;BON KARYAWAN KFA-BON KARYAWAN KFA MADURA;CI4020260304168990;28/02/2026;DPP;0;382987;0;382987;5;382987;0;Current;Tertagih;PIHAK KETIGA;SWASTA;0;0;0;0;0;0;0;0;0;0;0;0;0;0;0;0;0;0;0;0;0;0;0;0;0;0;0;0;0;0;0;0;0;0;0;0;03/03/2026;0;0;0
KF.Sumenep 2;BON KARYAWAN KFA-BON KARYAWAN KFA MADURA;CI4020260304050483;28/02/2026;DPP;0;120118;0;120118;5;120118;0;Current;Tertagih;PIHAK KETIGA;SWASTA;0;0;0;0;0;0;0;0;0;0;0;0;0;0;0;0;0;0;0;0;0;0;0;0;0;0;0;0;0;0;0;0;0;0;0;0;03/03/2026;0;0;0
KF.Sumenep;BON KARYAWAN KFA-BON KARYAWAN KFA SURABAYA;CI4020260304392662;28/02/2026;DPP;0;52162;0;52162;5;52162;0;Current;Tertagih;PIHAK KETIGA;SWASTA;0;0;0;0;0;0;0;0;0;0;0;0;0;0;0;0;0;0;0;0;0;0;0;0;0;0;0;0;0;0;0;0;0;0;0;0;03/03/2026;0;0;0
KF.0274 PAMEKASAN;BPJS KESEHATAN MADURA-PASIEN RUJUK BALIK;CI4020260304492069;28/02/2026;DPP;0;41314459;0;41314459;5;33051567;0;Current;Tertagih;PIHAK KETIGA;INSTANSI_PEMERINTAH;0;0;0;0;0;0;0;0;0;0;0;0;0;0;0;0;0;0;0;0;0;0;0;0;0;0;0;0;0;0;0;0;0;0;0;0;02/03/2026;0;0;0
KF.0419 Trunojoyo;BPJS KESEHATAN MADURA-PASIEN RUJUK BALIK;CI4020260304481291;28/02/2026;DPP;0;3071523;0;3071523;5;2457218;0;Current;Tertagih;PIHAK KETIGA;INSTANSI_PEMERINTAH;0;0;0;0;0;0;0;0;0;0;0;0;0;0;0;0;0;0;0;0;0;0;0;0;0;0;0;0;0;0;0;0;0;0;0;0;02/03/2026;0;0;0
KF.KHM. KHOLIL BANGKALAN;BPJS KESEHATAN MADURA-PASIEN RUJUK BALIK;CI4020260304326770;28/02/2026;DPP;0;12786878;0;12786878;5;10229502;0;Current;Tertagih;PIHAK KETIGA;INSTANSI_PEMERINTAH;0;0;0;0;0;0;0;0;0;0;0;0;0;0;0;0;0;0;0;0;0;0;0;0;0;0;0;0;0;0;0;0;0;0;0;0;03/03/2026;0;0;0
KF.Sampang;BPJS KESEHATAN MADURA-PASIEN RUJUK BALIK;CI4020260304640419;28/02/2026;DPP;0;29707343;0;29707343;5;23765874;0;Current;Tertagih;PIHAK KETIGA;INSTANSI_PEMERINTAH;0;0;0;0;0;0;0;0;0;0;0;0;0;0;0;0;0;0;0;0;0;0;0;0;0;0;0;0;0;0;0;0;0;0;0;0;02/03/2026;0;0;0
KF.Sumenep;BPJS KESEHATAN MADURA-PASIEN RUJUK BALIK;CI4020260304474632;28/02/2026;DPP;0;71914543;0;71914543;5;55531634;0;Current;Tertagih;PIHAK KETIGA;INSTANSI_PEMERINTAH;0;0;0;0;0;0;0;0;0;0;0;0;0;0;0;0;0;0;0;0;0;0;0;0;0;0;0;0;0;0;0;0;0;0;0;0;02/03/2026;0;0;0
KF.0419 Trunojoyo;BRI LIFE INSURANCE-PEGADAIAN;CI4020260304575898;28/02/2026;DPP;0;293510;0;293510;5;0;0;Current;Tertagih;PIHAK KETIGA;SWASTA;0;0;0;0;0;0;0;0;0;0;0;0;0;0;0;0;0;0;0;0;0;0;0;0;0;0;0;0;0;0;0;0;0;0;0;0;0;0;0;0
KF.0419 Trunojoyo;NAYAKA ERA HUSADA-DEFAULT;CI4020260304551164;28/02/2026;DPP;0;127803;0;127803;5;0;0;Current;Tertagih;PIHAK KETIGA;SWASTA;0;0;0;0;0;0;0;0;0;0;0;0;0;0;0;0;0;0;0;0;0;0;0;0;0;0;0;0;0;0;0;0;0;0;0;0;0;0;0;0
KF.0274 PAMEKASAN;PLN Unit Induk Distribusi Jawa Timu-PLN UID JATIM 110;CI4020260304031147;28/02/2026;DPP;0;2042105;0;2042105;5;0;0;Current;Tertagih;PIHAK KETIGA;BUMN;0;0;0;0;0;0;0;0;0;0;0;0;0;0;0;0;0;0;0;0;0;0;0;0;0;0;0;0;0;0;0;0;0;0;0;0;0;0;0;0
KF.0419 Trunojoyo;PLN Unit Induk Distribusi Jawa Timu-PLN UID JATIM 110;CI4020260304868364;28/02/2026;DPP;0;432429;0;432429;5;0;0;Current;Tertagih;PIHAK KETIGA;BUMN;0;0;0;0;0;0;0;0;0;0;0;0;0;0;0;0;0;0;0;0;0;0;0;0;0;0;0;0;0;0;0;0;0;0;0;0;0;0;0;0
KF.Sumenep;PLN Unit Induk Distribusi Jawa Timu-PLN UID JATIM 110;CI4020260304591317;28/02/2026;DPP;0;538879;0;538879;5;0;0;Current;Tertagih;PIHAK KETIGA;BUMN;0;0;0;0;0;0;0;0;0;0;0;0;0;0;0;0;0;0;0;0;0;0;0;0;0;0;0;0;0;0;0;0;0;0;0;0;0;0;0;0
KF.0274 PAMEKASAN;PLN Unit Induk Distribusi Jawa Timu-PLN UID JATIM PENSIUNAN;CI4020260304202459;28/02/2026;DPP;0;3487966;0;3487966;5;0;0;Current;Tertagih;PIHAK KETIGA;BUMN;0;0;0;0;0;0;0;0;0;0;0;0;0;0;0;0;0;0;0;0;0;0;0;0;0;0;0;0;0;0;0;0;0;0;0;0;0;0;0;0
KF.0419 Trunojoyo;PLN Unit Induk Distribusi Jawa Timu-PLN UID JATIM PENSIUNAN;CI4020260304533609;28/02/2026;DPP;0;460348;0;460348;5;0;0;Current;Tertagih;PIHAK KETIGA;BUMN;0;0;0;0;0;0;0;0;0;0;0;0;0;0;0;0;0;0;0;0;0;0;0;0;0;0;0;0;0;0;0;0;0;0;0;0;0;0;0;0
KF.Sumenep;PLN Unit Induk Distribusi Jawa Timu-PLN UID JATIM PENSIUNAN;CI4020260304247401;28/02/2026;DPP;0;18517470;0;18517470;5;0;0;Current;Tertagih;PIHAK KETIGA;BUMN;0;0;0;0;0;0;0;0;0;0;0;0;0;0;0;0;0;0;0;0;0;0;0;0;0;0;0;0;0;0;0;0;0;0;0;0;0;0;0;0
KF.0419 Trunojoyo;PLN Unit Induk Transmisi Jatim & Ba-PLN UIT JBTB 120;CI4020260304197008;28/02/2026;DPP;0;70336;0;70336;5;0;0;Current;Tertagih;PIHAK KETIGA;BUMN;0;0;0;0;0;0;0;0;0;0;0;0;0;0;0;0;0;0;0;0;0;0;0;0;0;0;0;0;0;0;0;0;0;0;0;0;0;0;0;0
KF.0419 Trunojoyo;PT. KIMIA FARMA DIAGNOSTIKA-KAPITASI BPJS;CI4020260304040601;28/02/2026;DPP;0;6054656;0;6054656;5;6054656;0;Current;Tertagih;AFILIASI;AFILIASI KF DIAGNOSTIK;0;0;0;0;0;0;0;0;0;0;0;0;0;0;0;0;0;0;0;0;0;0;0;0;0;0;0;0;0;0;0;0;0;0;0;0;0;0;0;0
KF.0163;PT. KIMIA FARMA DIAGNOSTIKA-KFD VAKSIN;CI4020260304747569;28/02/2026;DPP;0;393417;0;393417;5;393417;0;Current;Tertagih;AFILIASI;AFILIASI KF DIAGNOSTIK;0;0;0;0;0;0;0;0;0;0;0;0;0;0;0;0;0;0;0;0;0;0;0;0;0;0;0;0;0;0;0;0;0;0;0;0;0;0;0;0
KF.0419 Trunojoyo;PT. KIMIA FARMA DIAGNOSTIKA-KFD VAKSIN;CI4020260304925041;28/02/2026;DPP;0;24472190;0;24472190;5;24472190;0;Current;Tertagih;AFILIASI;AFILIASI KF DIAGNOSTIK;0;0;0;0;0;0;0;0;0;0;0;0;0;0;0;0;0;0;0;0;0;0;0;0;0;0;0;0;0;0;0;0;0;0;0;0;0;0;0;0
KF.0419 Trunojoyo;PT. KIMIA FARMA DIAGNOSTIKA-KFD VAKSIN NON REG;CI4020260304626735;28/02/2026;DPP;0;53808441;0;53808441;5;53808441;0;Current;Tertagih;AFILIASI;AFILIASI KF DIAGNOSTIK;0;0;0;0;0;0;0;0;0;0;0;0;0;0;0;0;0;0;0;0;0;0;0;0;0;0;0;0;0;0;0;0;0;0;0;0;0;0;0;0
KF.0419 Trunojoyo;PT. KIMIA FARMA DIAGNOSTIKA-PAKET MEDIS;CI4020260304638757;28/02/2026;DPP;0;41783086;0;41783086;5;41783086;0;Current;Tertagih;AFILIASI;AFILIASI KF DIAGNOSTIK;0;0;0;0;0;0;0;0;0;0;0;0;0;0;0;0;0;0;0;0;0;0;0;0;0;0;0;0;0;0;0;0;0;0;0;0;0;0;0;0
